"tipo_emprego";"ano";"tipo";"filtro";"salario_hora";"salario_mes";"geral"
"Celetista";"2012";"Técnicos de nível médio";"Técnico";"28,52284793116966";"4786,897409107585";"Subgrupo"
"Celetista";"2012";"Técnicos de nível superior";"Técnico";"84,99231252058883";"14006,359917355210";"Subgrupo"
"Celetista";"2013";"Técnicos de nível médio";"Técnico";"32,45342102450154";"5346,106031201273";"Subgrupo"
"Celetista";"2013";"Técnicos de nível superior";"Técnico";"83,29124775566761";"13619,787379021212";"Subgrupo"
"Celetista";"2014";"Técnicos de nível médio";"Técnico";"29,20851582633609";"4839,074406995141";"Subgrupo"
"Celetista";"2014";"Técnicos de nível superior";"Técnico";"79,87540970161335";"13131,614368358147";"Subgrupo"
"Celetista";"2015";"Técnicos de nível médio";"Técnico";"30,79742280761623";"5098,823162934295";"Subgrupo"
"Celetista";"2015";"Técnicos de nível superior";"Técnico";"78,96077397681816";"12942,057297347015";"Subgrupo"
"Celetista";"2016";"Técnicos de nível médio";"Técnico";"31,25540725205144";"5151,972911007904";"Subgrupo"
"Celetista";"2016";"Técnicos de nível superior";"Técnico";"73,20664777192235";"11985,217790041148";"Subgrupo"
"Celetista";"2017";"Técnicos de nível médio";"Técnico";"28,02961320196260";"4625,192793905225";"Subgrupo"
"Celetista";"2017";"Técnicos de nível superior";"Técnico";"66,76420603062388";"10966,064224471151";"Subgrupo"
"Celetista";"2018";"Técnicos de nível médio";"Técnico";"29,58777517322739";"4733,508795948853";"Subgrupo"
"Celetista";"2018";"Técnicos de nível superior";"Técnico";"68,08338838937142";"10893,057522720690";"Subgrupo"
"Celetista";"2019";"Técnicos de nível médio";"Técnico";"25,32654724247287";"4163,447758332392";"Subgrupo"
"Celetista";"2019";"Técnicos de nível superior";"Técnico";"61,77119025475185";"10090,063502012574";"Subgrupo"
"Celetista";"2020";"Técnicos de nível médio";"Técnico";"26,63211391332906";"4356,720431605266";"Subgrupo"
"Celetista";"2020";"Técnicos de nível superior";"Técnico";"64,22221886835618";"10382,014299942499";"Subgrupo"
"Celetista";"2021";"Técnicos de nível médio";"Técnico";"27,48299511695400";"4433,829701293516";"Subgrupo"
"Celetista";"2021";"Técnicos de nível superior";"Técnico";"63,21179235002106";"10225,183908515171";"Subgrupo"
"Estatutário";"2012";"Técnicos de nível médio";"Técnico";"80,61841238821185";"12712,717630431771";"Subgrupo"
"Estatutário";"2012";"Técnicos de nível superior";"Técnico";"179,66045632781419";"28734,711771485283";"Subgrupo"
"Estatutário";"2013";"Técnicos de nível médio";"Técnico";"83,17249800883496";"13109,849561137235";"Subgrupo"
"Estatutário";"2013";"Técnicos de nível superior";"Técnico";"188,56597397628551";"30137,609931599363";"Subgrupo"
"Estatutário";"2014";"Técnicos de nível médio";"Técnico";"82,67599646489151";"13044,821345024169";"Subgrupo"
"Estatutário";"2014";"Técnicos de nível superior";"Técnico";"182,26551682471199";"29142,804075942229";"Subgrupo"
"Estatutário";"2015";"Técnicos de nível médio";"Técnico";"82,28075690962787";"12968,352977138726";"Subgrupo"
"Estatutário";"2015";"Técnicos de nível superior";"Técnico";"180,28139933790357";"28835,606288365507";"Subgrupo"
"Estatutário";"2016";"Técnicos de nível médio";"Técnico";"78,25365312597560";"12330,050497510487";"Subgrupo"
"Estatutário";"2016";"Técnicos de nível superior";"Técnico";"171,95941715626884";"27459,582683521941";"Subgrupo"
"Estatutário";"2017";"Técnicos de nível médio";"Técnico";"77,33231411153645";"12173,221399295346";"Subgrupo"
"Estatutário";"2017";"Técnicos de nível superior";"Técnico";"169,03397495960539";"26988,958534043173";"Subgrupo"
"Estatutário";"2018";"Técnicos de nível médio";"Técnico";"76,88966057425577";"12089,578292324055";"Subgrupo"
"Estatutário";"2018";"Técnicos de nível superior";"Técnico";"184,53066870449825";"29452,093667164710";"Subgrupo"
"Estatutário";"2019";"Técnicos de nível médio";"Técnico";"78,47833854024442";"12345,442098989690";"Subgrupo"
"Estatutário";"2019";"Técnicos de nível superior";"Técnico";"184,11269995686033";"29330,980033142412";"Subgrupo"
"Estatutário";"2020";"Técnicos de nível médio";"Técnico";"77,44254984401066";"12172,691924644094";"Subgrupo"
"Estatutário";"2020";"Técnicos de nível superior";"Técnico";"178,71013588361964";"28514,072803783427";"Subgrupo"
"Estatutário";"2021";"Técnicos de nível médio";"Técnico";"79,05419385861030";"12456,035622299009";"Subgrupo"
"Estatutário";"2021";"Técnicos de nível superior";"Técnico";"166,62781648325230";"26592,044452572372";"Subgrupo"
"Outros";"2012";"Técnicos de nível médio";"Técnico";"42,76784793390551";"6506,676212126699";"Subgrupo"
"Outros";"2012";"Técnicos de nível superior";"Técnico";"96,72812287722122";"16020,922205782534";"Subgrupo"
"Outros";"2013";"Técnicos de nível médio";"Técnico";"43,87935902864552";"6771,776409905991";"Subgrupo"
"Outros";"2013";"Técnicos de nível superior";"Técnico";"141,72485319495593";"23181,659311109470";"Subgrupo"
"Outros";"2014";"Técnicos de nível médio";"Técnico";"34,88319495132558";"5146,348993554438";"Subgrupo"
"Outros";"2014";"Técnicos de nível superior";"Técnico";"123,13913405714104";"19809,696369726600";"Subgrupo"
"Outros";"2015";"Técnicos de nível médio";"Técnico";"34,99901210115019";"5302,897258638751";"Subgrupo"
"Outros";"2015";"Técnicos de nível superior";"Técnico";"97,33300954680432";"15973,553407465773";"Subgrupo"
"Outros";"2016";"Técnicos de nível médio";"Técnico";"26,06118600090053";"4236,949323648416";"Subgrupo"
"Outros";"2016";"Técnicos de nível superior";"Técnico";"94,23557057770138";"15579,996151225550";"Subgrupo"
"Outros";"2017";"Técnicos de nível médio";"Técnico";"32,07130527359214";"5148,334435385198";"Subgrupo"
"Outros";"2017";"Técnicos de nível superior";"Técnico";"70,49772484643515";"11547,050904473404";"Subgrupo"
"Outros";"2018";"Técnicos de nível médio";"Técnico";"25,00032884249761";"4039,903486075205";"Subgrupo"
"Outros";"2018";"Técnicos de nível superior";"Técnico";"91,25047090524365";"14742,414395145013";"Subgrupo"
"Outros";"2019";"Técnicos de nível médio";"Técnico";"21,43202246708880";"3497,331493431078";"Subgrupo"
"Outros";"2019";"Técnicos de nível superior";"Técnico";"34,61630019149151";"5792,729538475124";"Subgrupo"
"Outros";"2020";"Técnicos de nível médio";"Técnico";"16,05801118487449";"2126,237931530504";"Subgrupo"
"Outros";"2020";"Técnicos de nível superior";"Técnico";"61,60048230104480";"10361,064205179542";"Subgrupo"
"Outros";"2021";"Técnicos de nível médio";"Técnico";"18,90058648676073";"2866,881335924016";"Subgrupo"
"Outros";"2021";"Técnicos de nível superior";"Técnico";"114,92984715742303";"18786,512178078792";"Subgrupo"
"Celetista";"2012";"Média dos trabalhadores técnicos";"Técnico";"31,86686301690134";"5332,856573659225";"Geral"
"Celetista";"2013";"Média dos trabalhadores técnicos";"Técnico";"35,83865174447719";"5897,040680985568";"Geral"
"Celetista";"2014";"Média dos trabalhadores técnicos";"Técnico";"32,33836208152120";"5351,329514007123";"Geral"
"Celetista";"2015";"Média dos trabalhadores técnicos";"Técnico";"33,71436810042794";"5573,837553200080";"Geral"
"Celetista";"2016";"Média dos trabalhadores técnicos";"Técnico";"33,84630271453585";"5573,991972464411";"Geral"
"Celetista";"2017";"Média dos trabalhadores técnicos";"Técnico";"30,54652743296958";"5037,212861114191";"Geral"
"Celetista";"2018";"Média dos trabalhadores técnicos";"Técnico";"32,14470644927803";"5142,634446121271";"Geral"
"Celetista";"2019";"Média dos trabalhadores técnicos";"Técnico";"27,85266622702071";"4574,244388695502";"Geral"
"Celetista";"2020";"Média dos trabalhadores técnicos";"Técnico";"29,16527915757390";"4762,759867565718";"Geral"
"Celetista";"2021";"Média dos trabalhadores técnicos";"Técnico";"29,64797219417878";"4784,755287255311";"Geral"
"Estatutário";"2012";"Média dos trabalhadores técnicos";"Técnico";"84,35031250061240";"13316,425705886486";"Geral"
"Estatutário";"2013";"Média dos trabalhadores técnicos";"Técnico";"86,85563423945858";"13704,910693442947";"Geral"
"Estatutário";"2014";"Média dos trabalhadores técnicos";"Técnico";"86,23818920755527";"13620,626078779453";"Geral"
"Estatutário";"2015";"Média dos trabalhadores técnicos";"Técnico";"85,75753423722952";"13531,276904950331";"Geral"
"Estatutário";"2016";"Média dos trabalhadores técnicos";"Técnico";"81,51027754681658";"12855,858109269950";"Geral"
"Estatutário";"2017";"Média dos trabalhadores técnicos";"Técnico";"80,54075723808491";"12691,592054037215";"Geral"
"Estatutário";"2018";"Média dos trabalhadores técnicos";"Técnico";"80,62131580719981";"12691,495001216264";"Geral"
"Estatutário";"2019";"Média dos trabalhadores técnicos";"Técnico";"81,34435041694603";"12806,284128028452";"Geral"
"Estatutário";"2020";"Média dos trabalhadores técnicos";"Técnico";"80,33581843800440";"12639,573835521389";"Geral"
"Estatutário";"2021";"Média dos trabalhadores técnicos";"Técnico";"81,36104083653515";"12828,403559957662";"Geral"
"Outros";"2012";"Média dos trabalhadores técnicos";"Técnico";"43,54248773526264";"6643,260275761115";"Geral"
"Outros";"2013";"Média dos trabalhadores técnicos";"Técnico";"45,70956251664845";"7078,723859856560";"Geral"
"Outros";"2014";"Média dos trabalhadores técnicos";"Técnico";"36,21170176455388";"5367,074727044417";"Geral"
"Outros";"2015";"Média dos trabalhadores técnicos";"Técnico";"37,07002182020515";"5657,423416088886";"Geral"
"Outros";"2016";"Média dos trabalhadores técnicos";"Técnico";"27,97413888156300";"4555,231831646102";"Geral"
"Outros";"2017";"Média dos trabalhadores técnicos";"Técnico";"34,08902858838552";"5484,323048114451";"Geral"
"Outros";"2018";"Média dos trabalhadores técnicos";"Técnico";"26,99166259236050";"4361,597455596378";"Geral"
"Outros";"2019";"Média dos trabalhadores técnicos";"Técnico";"22,34069180310095";"3655,531878850239";"Geral"
"Outros";"2020";"Média dos trabalhadores técnicos";"Técnico";"16,61927403313715";"2227,723466593081";"Geral"
"Outros";"2021";"Média dos trabalhadores técnicos";"Técnico";"19,37843543938030";"2946,098637722298";"Geral"
"Celetista";"2012";"Até fundamental completo";"Não Técnico";"12,44711586253479";"2138,048618590053";"Subgrupo"
"Celetista";"2012";"Médio completo";"Não Técnico";"15,44477137763110";"2564,202281019654";"Subgrupo"
"Celetista";"2012";"Superior completo";"Não Técnico";"76,72715889819780";"11044,283351472772";"Subgrupo"
"Celetista";"2013";"Até fundamental completo";"Não Técnico";"13,40049981029862";"2294,622313740367";"Subgrupo"
"Celetista";"2013";"Médio completo";"Não Técnico";"16,11487418126623";"2662,634534967026";"Subgrupo"
"Celetista";"2013";"Superior completo";"Não Técnico";"76,84242067935995";"11164,451041358618";"Subgrupo"
"Celetista";"2014";"Até fundamental completo";"Não Técnico";"13,52873269561487";"2312,545009147026";"Subgrupo"
"Celetista";"2014";"Médio completo";"Não Técnico";"16,07693644843273";"2667,677934507072";"Subgrupo"
"Celetista";"2014";"Superior completo";"Não Técnico";"77,82399056413742";"11169,809192658890";"Subgrupo"
"Celetista";"2015";"Até fundamental completo";"Não Técnico";"13,77443943196848";"2350,203270435646";"Subgrupo"
"Celetista";"2015";"Médio completo";"Não Técnico";"16,04340100699170";"2663,786643340838";"Subgrupo"
"Celetista";"2015";"Superior completo";"Não Técnico";"81,46842346832450";"11813,816662386425";"Subgrupo"
"Celetista";"2016";"Até fundamental completo";"Não Técnico";"13,37154498882872";"2278,527755910599";"Subgrupo"
"Celetista";"2016";"Médio completo";"Não Técnico";"15,46676479447025";"2564,863004270724";"Subgrupo"
"Celetista";"2016";"Superior completo";"Não Técnico";"79,71406021215260";"11490,482414900822";"Subgrupo"
"Celetista";"2017";"Até fundamental completo";"Não Técnico";"13,17238728574917";"2244,478077167372";"Subgrupo"
"Celetista";"2017";"Médio completo";"Não Técnico";"15,01346124338561";"2495,547419896030";"Subgrupo"
"Celetista";"2017";"Superior completo";"Não Técnico";"72,34747061685786";"10321,445797116463";"Subgrupo"
"Celetista";"2018";"Até fundamental completo";"Não Técnico";"12,80638988194710";"2180,471871710854";"Subgrupo"
"Celetista";"2018";"Médio completo";"Não Técnico";"14,51457545492140";"2414,340825630232";"Subgrupo"
"Celetista";"2018";"Superior completo";"Não Técnico";"68,09982799215332";"9864,874818827260";"Subgrupo"
"Celetista";"2019";"Até fundamental completo";"Não Técnico";"12,76316286946306";"2156,031585766990";"Subgrupo"
"Celetista";"2019";"Médio completo";"Não Técnico";"15,41798742674328";"2527,324887442267";"Subgrupo"
"Celetista";"2019";"Superior completo";"Não Técnico";"65,13685081087671";"9175,197729229016";"Subgrupo"
"Celetista";"2020";"Até fundamental completo";"Não Técnico";"13,04570813950461";"2184,518897964997";"Subgrupo"
"Celetista";"2020";"Médio completo";"Não Técnico";"14,68323251552493";"2406,738059473162";"Subgrupo"
"Celetista";"2020";"Superior completo";"Não Técnico";"66,76491669908621";"9337,643553272659";"Subgrupo"
"Celetista";"2021";"Até fundamental completo";"Não Técnico";"13,09307280457839";"2201,239589021590";"Subgrupo"
"Celetista";"2021";"Médio completo";"Não Técnico";"14,42385786724939";"2385,012880276855";"Subgrupo"
"Celetista";"2021";"Superior completo";"Não Técnico";"72,95344859840284";"9922,319658456348";"Subgrupo"
"Estatutário";"2012";"Até fundamental completo";"Não Técnico";"56,49584700410752";"8910,115614745269";"Subgrupo"
"Estatutário";"2012";"Médio completo";"Não Técnico";"61,50485492309627";"9710,865604155561";"Subgrupo"
"Estatutário";"2012";"Superior completo";"Não Técnico";"127,96286882161284";"19806,356451848467";"Subgrupo"
"Estatutário";"2013";"Até fundamental completo";"Não Técnico";"55,56494951100937";"8767,111326017055";"Subgrupo"
"Estatutário";"2013";"Médio completo";"Não Técnico";"62,58202770172559";"9848,171464724586";"Subgrupo"
"Estatutário";"2013";"Superior completo";"Não Técnico";"132,46070932761378";"20361,270407369291";"Subgrupo"
"Estatutário";"2014";"Até fundamental completo";"Não Técnico";"56,92739013008911";"9023,969083415739";"Subgrupo"
"Estatutário";"2014";"Médio completo";"Não Técnico";"57,63868707793623";"8875,046724312173";"Subgrupo"
"Estatutário";"2014";"Superior completo";"Não Técnico";"127,14609112451058";"19562,973664104025";"Subgrupo"
"Estatutário";"2015";"Até fundamental completo";"Não Técnico";"55,34491966201836";"8742,969810846553";"Subgrupo"
"Estatutário";"2015";"Médio completo";"Não Técnico";"59,41924083277071";"9303,019620160921";"Subgrupo"
"Estatutário";"2015";"Superior completo";"Não Técnico";"130,08525257615656";"20007,695765120301";"Subgrupo"
"Estatutário";"2016";"Até fundamental completo";"Não Técnico";"52,62840207058380";"8325,057968789399";"Subgrupo"
"Estatutário";"2016";"Médio completo";"Não Técnico";"53,42826461649788";"8383,994331941012";"Subgrupo"
"Estatutário";"2016";"Superior completo";"Não Técnico";"121,81656749793638";"18798,751347178408";"Subgrupo"
"Estatutário";"2017";"Até fundamental completo";"Não Técnico";"51,30285871098629";"8124,111766532907";"Subgrupo"
"Estatutário";"2017";"Médio completo";"Não Técnico";"50,76861821766190";"7928,770366660451";"Subgrupo"
"Estatutário";"2017";"Superior completo";"Não Técnico";"124,19144894473884";"19100,924917047818";"Subgrupo"
"Estatutário";"2018";"Até fundamental completo";"Não Técnico";"50,44518163030534";"7972,140810567406";"Subgrupo"
"Estatutário";"2018";"Médio completo";"Não Técnico";"48,24850034984431";"7536,715603398085";"Subgrupo"
"Estatutário";"2018";"Superior completo";"Não Técnico";"112,46241668846459";"17182,763690991680";"Subgrupo"
"Estatutário";"2019";"Até fundamental completo";"Não Técnico";"49,28751714529960";"7788,582465389271";"Subgrupo"
"Estatutário";"2019";"Médio completo";"Não Técnico";"48,28757273140396";"7561,144218610935";"Subgrupo"
"Estatutário";"2019";"Superior completo";"Não Técnico";"125,13731144572087";"19295,227142869564";"Subgrupo"
"Estatutário";"2020";"Até fundamental completo";"Não Técnico";"47,82814926414905";"7569,436216450254";"Subgrupo"
"Estatutário";"2020";"Médio completo";"Não Técnico";"46,18800025934522";"7265,104257993643";"Subgrupo"
"Estatutário";"2020";"Superior completo";"Não Técnico";"106,73686459099856";"16182,014157306949";"Subgrupo"
"Estatutário";"2021";"Até fundamental completo";"Não Técnico";"47,19731082656624";"7484,465000750972";"Subgrupo"
"Estatutário";"2021";"Médio completo";"Não Técnico";"43,28495693593501";"6815,094036376590";"Subgrupo"
"Estatutário";"2021";"Superior completo";"Não Técnico";"113,94558996456328";"17540,468513114651";"Subgrupo"
"Outros";"2012";"Até fundamental completo";"Não Técnico";"8,28181238495066";"1099,119436302898";"Subgrupo"
"Outros";"2012";"Médio completo";"Não Técnico";"12,59892149063223";"1891,783076175142";"Subgrupo"
"Outros";"2012";"Superior completo";"Não Técnico";"106,43448746703298";"14933,757242985032";"Subgrupo"
"Outros";"2013";"Até fundamental completo";"Não Técnico";"8,47853945807655";"1101,776784527921";"Subgrupo"
"Outros";"2013";"Médio completo";"Não Técnico";"13,10714506185428";"1898,065487035801";"Subgrupo"
"Outros";"2013";"Superior completo";"Não Técnico";"119,26017119024478";"15040,109611009480";"Subgrupo"
"Outros";"2014";"Até fundamental completo";"Não Técnico";"9,14257875839815";"1110,603388263833";"Subgrupo"
"Outros";"2014";"Médio completo";"Não Técnico";"12,63605910715464";"1827,156135281481";"Subgrupo"
"Outros";"2014";"Superior completo";"Não Técnico";"100,21537218698478";"12443,694310502860";"Subgrupo"
"Outros";"2015";"Até fundamental completo";"Não Técnico";"9,38012358443321";"1063,354615299632";"Subgrupo"
"Outros";"2015";"Médio completo";"Não Técnico";"13,06569626290593";"1804,687177328341";"Subgrupo"
"Outros";"2015";"Superior completo";"Não Técnico";"81,21410963809080";"11571,140839007523";"Subgrupo"
"Outros";"2016";"Até fundamental completo";"Não Técnico";"9,60362632970403";"1152,828006366896";"Subgrupo"
"Outros";"2016";"Médio completo";"Não Técnico";"11,99905023875375";"1665,243775612157";"Subgrupo"
"Outros";"2016";"Superior completo";"Não Técnico";"69,54783915175987";"11009,023475609192";"Subgrupo"
"Outros";"2017";"Até fundamental completo";"Não Técnico";"9,30799659745351";"997,642554310245";"Subgrupo"
"Outros";"2017";"Médio completo";"Não Técnico";"10,98670558752747";"1494,129362592588";"Subgrupo"
"Outros";"2017";"Superior completo";"Não Técnico";"60,99615246151372";"9609,407036867200";"Subgrupo"
"Outros";"2018";"Até fundamental completo";"Não Técnico";"9,17353342541976";"1004,406880308145";"Subgrupo"
"Outros";"2018";"Médio completo";"Não Técnico";"10,41448745751307";"1383,383664825496";"Subgrupo"
"Outros";"2018";"Superior completo";"Não Técnico";"64,25688086254010";"10308,638593670932";"Subgrupo"
"Outros";"2019";"Até fundamental completo";"Não Técnico";"10,22543132176660";"1084,061334200060";"Subgrupo"
"Outros";"2019";"Médio completo";"Não Técnico";"9,59416743852414";"1230,487365714344";"Subgrupo"
"Outros";"2019";"Superior completo";"Não Técnico";"43,49200089215810";"6725,449466872132";"Subgrupo"
"Outros";"2020";"Até fundamental completo";"Não Técnico";"8,85802906568453";"1087,524182573416";"Subgrupo"
"Outros";"2020";"Médio completo";"Não Técnico";"9,24612086676782";"1170,140029865634";"Subgrupo"
"Outros";"2020";"Superior completo";"Não Técnico";"47,25604400539055";"6284,355068626985";"Subgrupo"
"Outros";"2021";"Até fundamental completo";"Não Técnico";"8,75896212441248";"1155,825779573184";"Subgrupo"
"Outros";"2021";"Médio completo";"Não Técnico";"9,49858877320097";"1181,746211392957";"Subgrupo"
"Outros";"2021";"Superior completo";"Não Técnico";"64,69301261895316";"8338,300087198410";"Subgrupo"
"Celetista";"2012";"Média dos trabalhadores não técnicos";"Não Técnico";"22,37580269215121";"3518,748218279085";"Geral"
"Celetista";"2013";"Média dos trabalhadores não técnicos";"Não Técnico";"24,86617651034664";"3892,230643046009";"Geral"
"Celetista";"2014";"Média dos trabalhadores não técnicos";"Não Técnico";"25,00162977463561";"3895,065610443747";"Geral"
"Celetista";"2015";"Média dos trabalhadores não técnicos";"Não Técnico";"27,20593049986211";"4226,109633488213";"Geral"
"Celetista";"2016";"Média dos trabalhadores não técnicos";"Não Técnico";"27,82902976387471";"4283,714174733760";"Geral"
"Celetista";"2017";"Média dos trabalhadores não técnicos";"Não Técnico";"26,38026706330903";"4047,142430304758";"Geral"
"Celetista";"2018";"Média dos trabalhadores não técnicos";"Não Técnico";"25,75111682206399";"3977,641330504959";"Geral"
"Celetista";"2019";"Média dos trabalhadores não técnicos";"Não Técnico";"24,87247638267072";"3787,359945379264";"Geral"
"Celetista";"2020";"Média dos trabalhadores não técnicos";"Não Técnico";"25,40551804085989";"3832,569664920251";"Geral"
"Celetista";"2021";"Média dos trabalhadores não técnicos";"Não Técnico";"28,03429667861626";"4134,869272406735";"Geral"
"Estatutário";"2012";"Média dos trabalhadores não técnicos";"Não Técnico";"105,16996736732995";"16339,259312001828";"Geral"
"Estatutário";"2013";"Média dos trabalhadores não técnicos";"Não Técnico";"109,22207991941340";"16862,376034703997";"Geral"
"Estatutário";"2014";"Média dos trabalhadores não técnicos";"Não Técnico";"105,01656016364669";"16183,622504982823";"Geral"
"Estatutário";"2015";"Média dos trabalhadores não técnicos";"Não Técnico";"108,78227690679324";"16785,836126639126";"Geral"
"Estatutário";"2016";"Média dos trabalhadores não técnicos";"Não Técnico";"102,62698412404706";"15882,037139023114";"Geral"
"Estatutário";"2017";"Média dos trabalhadores não técnicos";"Não Técnico";"104,16483279966393";"16063,825871132978";"Geral"
"Estatutário";"2018";"Média dos trabalhadores não técnicos";"Não Técnico";"97,41121211404671";"14929,490862772760";"Geral"
"Estatutário";"2019";"Média dos trabalhadores não técnicos";"Não Técnico";"109,07741892324343";"16847,513853828310";"Geral"
"Estatutário";"2020";"Média dos trabalhadores não técnicos";"Não Técnico";"97,31293003691906";"14797,197524539466";"Geral"
"Estatutário";"2021";"Média dos trabalhadores não técnicos";"Não Técnico";"102,90979930115031";"15868,919010391794";"Geral"
"Outros";"2012";"Média dos trabalhadores não técnicos";"Não Técnico";"30,97624654784697";"4363,242703321551";"Geral"
"Outros";"2013";"Média dos trabalhadores não técnicos";"Não Técnico";"39,41281782965760";"5062,397928923740";"Geral"
"Outros";"2014";"Média dos trabalhadores não técnicos";"Não Técnico";"37,75333558939053";"4762,556734673799";"Geral"
"Outros";"2015";"Média dos trabalhadores não técnicos";"Não Técnico";"26,13070940431171";"3575,646444635896";"Geral"
"Outros";"2016";"Média dos trabalhadores não técnicos";"Não Técnico";"25,99926142285717";"3897,318373268949";"Geral"
"Outros";"2017";"Média dos trabalhadores não técnicos";"Não Técnico";"22,34710419550199";"3261,714753148389";"Geral"
"Outros";"2018";"Média dos trabalhadores não técnicos";"Não Técnico";"20,89262172429900";"3061,909618570908";"Geral"
"Outros";"2019";"Média dos trabalhadores não técnicos";"Não Técnico";"14,69583487668041";"1976,209818872436";"Geral"
"Outros";"2020";"Média dos trabalhadores não técnicos";"Não Técnico";"15,61360019916582";"2015,738218051713";"Geral"
"Outros";"2021";"Média dos trabalhadores não técnicos";"Não Técnico";"25,03212518942462";"3218,618270820121";"Geral"
"Geral";"2012";"Técnicos de nível médio";"Técnico";"51,06699829859238";"8210,946455837437";"Subgrupo"
"Geral";"2012";"Técnicos de nível superior";"Técnico";"115,56712416910902";"18763,836965152259";"Subgrupo"
"Geral";"2013";"Técnicos de nível médio";"Técnico";"53,32824102533456";"8538,703392784042";"Subgrupo"
"Geral";"2013";"Técnicos de nível superior";"Técnico";"111,10045067942271";"17984,251662397386";"Subgrupo"
"Geral";"2014";"Técnicos de nível médio";"Técnico";"50,88714475491000";"8160,464080436675";"Subgrupo"
"Geral";"2014";"Técnicos de nível superior";"Técnico";"108,59748089940076";"17622,760846694393";"Subgrupo"
"Geral";"2015";"Técnicos de nível médio";"Técnico";"51,31149836615973";"8231,381901127883";"Subgrupo"
"Geral";"2015";"Técnicos de nível superior";"Técnico";"106,89851950921364";"17325,172611364094";"Subgrupo"
"Geral";"2016";"Técnicos de nível médio";"Técnico";"49,84704942030602";"7990,691384891645";"Subgrupo"
"Geral";"2016";"Técnicos de nível superior";"Técnico";"99,48905947249463";"16104,673597010997";"Subgrupo"
"Geral";"2017";"Técnicos de nível médio";"Técnico";"47,97996820313234";"7679,198496177670";"Subgrupo"
"Geral";"2017";"Técnicos de nível superior";"Técnico";"93,54794302717472";"15162,335598077036";"Subgrupo"
"Geral";"2018";"Técnicos de nível médio";"Técnico";"47,22327387872754";"7476,126462147251";"Subgrupo"
"Geral";"2018";"Técnicos de nível superior";"Técnico";"95,08857232588616";"15197,339147493134";"Subgrupo"
"Geral";"2019";"Técnicos de nível médio";"Técnico";"47,13626960542073";"7520,557087914946";"Subgrupo"
"Geral";"2019";"Técnicos de nível superior";"Técnico";"86,96980900256122";"14052,998205364986";"Subgrupo"
"Geral";"2020";"Técnicos de nível médio";"Técnico";"46,78536255927840";"7452,448684726697";"Subgrupo"
"Geral";"2020";"Técnicos de nível superior";"Técnico";"88,69648465091244";"14258,783187425943";"Subgrupo"
"Geral";"2021";"Técnicos de nível médio";"Técnico";"45,29010334711035";"7199,434169344312";"Subgrupo"
"Geral";"2021";"Técnicos de nível superior";"Técnico";"82,68100190142651";"13307,135288326514";"Subgrupo"
"Geral";"2012";"Média dos trabalhadores técnicos";"Técnico";"54,26139165577851";"8733,582386963222";"Geral"
"Geral";"2013";"Média dos trabalhadores técnicos";"Técnico";"56,41779932444021";"9043,835050733738";"Geral"
"Geral";"2014";"Média dos trabalhadores técnicos";"Técnico";"53,82866230611116";"8642,760907523831";"Geral"
"Geral";"2015";"Média dos trabalhadores técnicos";"Técnico";"54,12119517097700";"8691,035866690678";"Geral"
"Geral";"2016";"Média dos trabalhadores técnicos";"Técnico";"52,37988238720569";"8404,682712359807";"Geral"
"Geral";"2017";"Média dos trabalhadores técnicos";"Técnico";"50,39677968064534";"8076,085382318848";"Geral"
"Geral";"2018";"Média dos trabalhadores técnicos";"Técnico";"49,84169165369858";"7898,506791854392";"Geral"
"Geral";"2019";"Média dos trabalhadores técnicos";"Técnico";"49,22535142246747";"7863,152904554153";"Geral"
"Geral";"2020";"Média dos trabalhadores técnicos";"Técnico";"48,96151927407751";"7805,854887949647";"Geral"
"Geral";"2021";"Média dos trabalhadores técnicos";"Técnico";"47,08168214114794";"7492,083670377100";"Geral"
"Geral";"2012";"Até fundamental completo";"Não Técnico";"15,77392532231289";"2646,074445442176";"Subgrupo"
"Geral";"2012";"Médio completo";"Não Técnico";"20,78391959465136";"3391,264910807922";"Subgrupo"
"Geral";"2012";"Superior completo";"Não Técnico";"106,87453817274243";"16192,968366260291";"Subgrupo"
"Geral";"2013";"Até fundamental completo";"Não Técnico";"16,39702704734552";"2750,701416041229";"Subgrupo"
"Geral";"2013";"Médio completo";"Não Técnico";"21,22319778252461";"3451,011748764063";"Subgrupo"
"Geral";"2013";"Superior completo";"Não Técnico";"106,67174284145922";"16076,138230708139";"Subgrupo"
"Geral";"2014";"Até fundamental completo";"Não Técnico";"16,45063270783886";"2758,792470299270";"Subgrupo"
"Geral";"2014";"Médio completo";"Não Técnico";"20,81804736196635";"3373,732152196766";"Subgrupo"
"Geral";"2014";"Superior completo";"Não Técnico";"104,89273647550374";"15752,851760356647";"Subgrupo"
"Geral";"2015";"Até fundamental completo";"Não Técnico";"16,70216060371335";"2790,747150275596";"Subgrupo"
"Geral";"2015";"Médio completo";"Não Técnico";"20,41432725667195";"3330,267853018057";"Subgrupo"
"Geral";"2015";"Superior completo";"Não Técnico";"106,45034548566963";"16022,942355572821";"Subgrupo"
"Geral";"2016";"Até fundamental completo";"Não Técnico";"16,26237750365027";"2718,698307160466";"Subgrupo"
"Geral";"2016";"Médio completo";"Não Técnico";"18,94304250655742";"3095,262734148953";"Subgrupo"
"Geral";"2016";"Superior completo";"Não Técnico";"100,17047978520276";"15048,905978112034";"Subgrupo"
"Geral";"2017";"Até fundamental completo";"Não Técnico";"15,99471914424204";"2672,248969921164";"Subgrupo"
"Geral";"2017";"Médio completo";"Não Técnico";"17,97456444773138";"2942,511389743004";"Subgrupo"
"Geral";"2017";"Superior completo";"Não Técnico";"96,70199032777370";"14453,232941926290";"Subgrupo"
"Geral";"2018";"Até fundamental completo";"Não Técnico";"15,09393452096593";"2524,046843467138";"Subgrupo"
"Geral";"2018";"Médio completo";"Não Técnico";"16,87813540300226";"2769,360286020835";"Subgrupo"
"Geral";"2018";"Superior completo";"Não Técnico";"88,39850685103870";"13219,487928696857";"Subgrupo"
"Geral";"2019";"Até fundamental completo";"Não Técnico";"14,95799848638025";"2483,947994710814";"Subgrupo"
"Geral";"2019";"Médio completo";"Não Técnico";"17,68881245713203";"2870,406093647382";"Subgrupo"
"Geral";"2019";"Superior completo";"Não Técnico";"96,19506332329098";"14418,922412376034";"Subgrupo"
"Geral";"2020";"Até fundamental completo";"Não Técnico";"14,87101168306323";"2459,189551163983";"Subgrupo"
"Geral";"2020";"Médio completo";"Não Técnico";"16,41875053308186";"2670,282843925318";"Subgrupo"
"Geral";"2020";"Superior completo";"Não Técnico";"88,30836775572774";"13027,857008369028";"Subgrupo"
"Geral";"2021";"Até fundamental completo";"Não Técnico";"14,56675320308249";"2421,358329905863";"Subgrupo"
"Geral";"2021";"Médio completo";"Não Técnico";"15,75744083513495";"2584,590512625588";"Subgrupo"
"Geral";"2021";"Superior completo";"Não Técnico";"91,61815259827931";"13390,525385087247";"Subgrupo"
"Geral";"2012";"Média dos trabalhadores não técnicos";"Não Técnico";"40,67163626123971";"6348,506306604866";"Geral"
"Geral";"2013";"Média dos trabalhadores não técnicos";"Não Técnico";"42,89329056445352";"6656,788009940068";"Geral"
"Geral";"2014";"Média dos trabalhadores não técnicos";"Não Técnico";"42,66334551831770";"6598,405239189089";"Geral"
"Geral";"2015";"Média dos trabalhadores não técnicos";"Não Técnico";"44,71071692177033";"6916,842410827083";"Geral"
"Geral";"2016";"Média dos trabalhadores não técnicos";"Não Técnico";"43,59184125126968";"6727,195933322023";"Geral"
"Geral";"2017";"Média dos trabalhadores não técnicos";"Não Técnico";"42,12436961749270";"6478,079808823161";"Geral"
"Geral";"2018";"Média dos trabalhadores não técnicos";"Não Técnico";"39,64142985754081";"6098,905283361784";"Geral"
"Geral";"2019";"Média dos trabalhadores não técnicos";"Não Técnico";"43,04820231516622";"6604,073978176873";"Geral"
"Geral";"2020";"Média dos trabalhadores não técnicos";"Não Técnico";"41,82929220337420";"6333,747727139862";"Geral"
"Geral";"2021";"Média dos trabalhadores não técnicos";"Não Técnico";"42,44487593914637";"6387,321010914818";"Geral"
