"cbo_familia";"nome_cbo_familia";"nome_cbo_subgrupo";"nome_cbo_subgrupo_principal";"vinculos";"eixo";"nivel"
"3115";"Técnicos em controle ambiental, utilidades e tratamento de efluentes";"TÉCNICO EM CIÊNCIAS FÍSICAS E QUÍMICAS";"TÉCNICOS DE NÍVEL MÉDIO DAS CIÊNCIAS FÍSICAS, QUÍMICAS, ENGENHARIA E AFINS";"96";"Ambiente e Saúde";"Nível Médio"
"3221";"Tecnólogos e técnicos em terapias complementares e estéticas";"TÉCNICOS DA CIÊNCIA DA SAÚDE HUMANA";"TÉCNICOS DE NÍVEL MÉDIO DAS CIÊNCIAS BIOLÓGICAS, BIOQUÍMICAS, DA SAÚDE E AFINS";"501";"Ambiente e Saúde";"Nível Médio"
"3222";"Técnicos e auxiliares de enfermagem";"TÉCNICOS DA CIÊNCIA DA SAÚDE HUMANA";"TÉCNICOS DE NÍVEL MÉDIO DAS CIÊNCIAS BIOLÓGICAS, BIOQUÍMICAS, DA SAÚDE E AFINS";"37510";"Ambiente e Saúde";"Nível Médio"
"3223";"Técnicos em óptica e optometria";"TÉCNICOS DA CIÊNCIA DA SAÚDE HUMANA";"TÉCNICOS DE NÍVEL MÉDIO DAS CIÊNCIAS BIOLÓGICAS, BIOQUÍMICAS, DA SAÚDE E AFINS";"32";"Ambiente e Saúde";"Nível Médio"
"3224";"Técnicos de odontologia";"TÉCNICOS DA CIÊNCIA DA SAÚDE HUMANA";"TÉCNICOS DE NÍVEL MÉDIO DAS CIÊNCIAS BIOLÓGICAS, BIOQUÍMICAS, DA SAÚDE E AFINS";"644";"Ambiente e Saúde";"Nível Médio"
"3225";"Técnicos em próteses ortopédicas";"TÉCNICOS DA CIÊNCIA DA SAÚDE HUMANA";"TÉCNICOS DE NÍVEL MÉDIO DAS CIÊNCIAS BIOLÓGICAS, BIOQUÍMICAS, DA SAÚDE E AFINS";"56";"Ambiente e Saúde";"Nível Médio"
"3226";"Técnicos de imobilizações ortopédicas";"TÉCNICOS DA CIÊNCIA DA SAÚDE HUMANA";"TÉCNICOS DE NÍVEL MÉDIO DAS CIÊNCIAS BIOLÓGICAS, BIOQUÍMICAS, DA SAÚDE E AFINS";"105";"Ambiente e Saúde";"Nível Médio"
"3241";"Tecnólogos e técnicos em métodos de diagnósticos e terapêutica";"TÉCNICOS EM OPERAÇÃO DE EQUIPAMENTOS E INSTRUMENTOS DE DIAGNÓSTICO";"TÉCNICOS DE NÍVEL MÉDIO DAS CIÊNCIAS BIOLÓGICAS, BIOQUÍMICAS, DA SAÚDE E AFINS";"1983";"Ambiente e Saúde";"Nível Médio"
"3242";"Técnicos de laboratórios de saúde e bancos de sangue";"TÉCNICOS EM OPERAÇÃO DE EQUIPAMENTOS E INSTRUMENTOS DE DIAGNÓSTICO";"TÉCNICOS DE NÍVEL MÉDIO DAS CIÊNCIAS BIOLÓGICAS, BIOQUÍMICAS, DA SAÚDE E AFINS";"3359";"Ambiente e Saúde";"Nível Médio"
"3251";"Técnico em farmácia e em manipulação farmacêutica";"TÉCNICOS DE BIOQUÍMICA E DA BIOTECNOLOGIA";"TÉCNICOS DE NÍVEL MÉDIO DAS CIÊNCIAS BIOLÓGICAS, BIOQUÍMICAS, DA SAÚDE E AFINS";"317";"Ambiente e Saúde";"Nível Médio"
"3252";"Técnicos em produção, conservação  e de qualidade de alimentos";"TÉCNICOS DE BIOQUÍMICA E DA BIOTECNOLOGIA";"TÉCNICOS DE NÍVEL MÉDIO DAS CIÊNCIAS BIOLÓGICAS, BIOQUÍMICAS, DA SAÚDE E AFINS";"309";"Ambiente e Saúde";"Nível Médio"
"3281";"Técnicos em necrópsia e taxidermistas";"TÉCNICOS EM NECRÓPSIA E TAXIDERMISTAS";"TÉCNICOS DE NÍVEL MÉDIO DAS CIÊNCIAS BIOLÓGICAS, BIOQUÍMICAS, DA SAÚDE E AFINS";"69";"Ambiente e Saúde";"Nível Médio"
"3522";"Agentes da saúde e do meio ambiente";"TÉCNICOS DE INSPEÇÃO, FISCALIZAÇÃO E COORDENAÇÃO ADMINISTRATIVA";"TÉCNICOS DE NIVEL MÉDIO NAS CIÊNCIAS ADMINISTRATIVAS";"8139";"Ambiente e Saúde";"Nível Médio"
"5151";"Trabalhadores em serviços de promoção e apoio à saúde";"TRABALHADORES DOS SERVIÇOS DE SAÚDE";"TRABALHADORES DOS SERVIÇOS";"1471";"Ambiente e Saúde";"Nível Médio"
"5153";"Trabalhadores de atenção, defesa e proteção a pessoas em situação de risco e adolescentes em conflito com a lei";"TRABALHADORES DOS SERVIÇOS DE SAÚDE";"TRABALHADORES DOS SERVIÇOS";"32";"Ambiente e Saúde";"Nível Médio"
"5162";"Cuidadores de crianças, jovens, adultos e idosos";"TRABALHADORES NOS SERVIÇOS DE EMBELEZAMENTO E CUIDADOS PESSOAIS";"TRABALHADORES DOS SERVIÇOS";"501";"Ambiente e Saúde";"Nível Médio"
"5165";"Trabalhadores dos serviços funerários";"TRABALHADORES NOS SERVIÇOS DE EMBELEZAMENTO E CUIDADOS PESSOAIS";"TRABALHADORES DOS SERVIÇOS";"123";"Ambiente e Saúde";"Nível Médio"
"5193";"Trabalhadores de serviços veterinários, de higiene e estética de animais domésticos";"OUTROS TRABALHADORES DE SERVIÇOS DIVERSOS";"TRABALHADORES DOS SERVIÇOS";"193";"Ambiente e Saúde";"Nível Médio"
"9153";"Técnicos em manutenção e reparação de equipamentos biomédicos";"REPARADORES DE INSTRUMENTOS E EQUIPAMENTOS DE PRECISÃO";"TRABALHADORES EM SERVIÇOS DE REPARAÇÃO E MANUTENÇÃO MECÂNICA";"69";"Ambiente e Saúde";"Nível Médio"
"2012";"Profissionais da metrologia";"PROFISSIONAIS DA BIOTECNOLOGIA E METROLOGIA";"PESQUISADORES E PROFISSIONAIS POLICIENTÍFICOS";"5";"Controle e Processos Industriais";"Nível Médio"
"3001";"Técnicos em mecatrônica";"TÉCNICOS MECATRÔNICOS E ELETROMECÂNICOS";"TÉCNICOS POLIVALENTES";"58";"Controle e Processos Industriais";"Nível Médio"
"3003";"Técnicos em eletromecânica";"TÉCNICOS MECATRÔNICOS E ELETROMECÂNICOS";"TÉCNICOS POLIVALENTES";"164";"Controle e Processos Industriais";"Nível Médio"
"3131";"Técnicos em eletricidade e eletrotécnica";"TÉCNICOS EM ELETROELETRÔNICA E FOTÔNICA";"TÉCNICOS DE NÍVEL MÉDIO DAS CIÊNCIAS FÍSICAS, QUÍMICAS, ENGENHARIA E AFINS";"1555";"Controle e Processos Industriais";"Nível Médio"
"3132";"Técnicos em eletrônica";"TÉCNICOS EM ELETROELETRÔNICA E FOTÔNICA";"TÉCNICOS DE NÍVEL MÉDIO DAS CIÊNCIAS FÍSICAS, QUÍMICAS, ENGENHARIA E AFINS";"3971";"Controle e Processos Industriais";"Nível Médio"
"3134";"Técnicos em calibração e instrumentação";"TÉCNICOS EM ELETROELETRÔNICA E FOTÔNICA";"TÉCNICOS DE NÍVEL MÉDIO DAS CIÊNCIAS FÍSICAS, QUÍMICAS, ENGENHARIA E AFINS";"149";"Controle e Processos Industriais";"Nível Médio"
"3141";"Técnicos mecânicos na fabricação e montagem de máquinas, sistemas e instrumentos";"TÉCNICOS EM METALMECÂNICA";"TÉCNICOS DE NÍVEL MÉDIO DAS CIÊNCIAS FÍSICAS, QUÍMICAS, ENGENHARIA E AFINS";"360";"Controle e Processos Industriais";"Nível Médio"
"3142";"Técnicos mecânicos (ferramentas)";"TÉCNICOS EM METALMECÂNICA";"TÉCNICOS DE NÍVEL MÉDIO DAS CIÊNCIAS FÍSICAS, QUÍMICAS, ENGENHARIA E AFINS";"13";"Controle e Processos Industriais";"Nível Médio"
"3143";"Técnicos em mecânica veicular";"TÉCNICOS EM METALMECÂNICA";"TÉCNICOS DE NÍVEL MÉDIO DAS CIÊNCIAS FÍSICAS, QUÍMICAS, ENGENHARIA E AFINS";"235";"Controle e Processos Industriais";"Nível Médio"
"3144";"Técnicos mecânicos na manutenção de máquinas, sistemas e instrumentos";"TÉCNICOS EM METALMECÂNICA";"TÉCNICOS DE NÍVEL MÉDIO DAS CIÊNCIAS FÍSICAS, QUÍMICAS, ENGENHARIA E AFINS";"409";"Controle e Processos Industriais";"Nível Médio"
"3146";"Técnicos em metalurgia (estruturas metálicas)";"TÉCNICOS EM METALMECÂNICA";"TÉCNICOS DE NÍVEL MÉDIO DAS CIÊNCIAS FÍSICAS, QUÍMICAS, ENGENHARIA E AFINS";"14";"Controle e Processos Industriais";"Nível Médio"
"3147";"Técnicos em siderurgia";"TÉCNICOS EM METALMECÂNICA";"TÉCNICOS DE NÍVEL MÉDIO DAS CIÊNCIAS FÍSICAS, QUÍMICAS, ENGENHARIA E AFINS";"12";"Controle e Processos Industriais";"Nível Médio"
"3187";"Desenhistas projetistas da eletrônica";"DESENHISTAS TÉCNICOS E MODELISTAS";"TÉCNICOS DE NÍVEL MÉDIO DAS CIÊNCIAS FÍSICAS, QUÍMICAS, ENGENHARIA E AFINS";"38";"Controle e Processos Industriais";"Nível Médio"
"3523";"Agentes  fiscais metrológicos e de qualidade";"TÉCNICOS DE INSPEÇÃO, FISCALIZAÇÃO E COORDENAÇÃO ADMINISTRATIVA";"TÉCNICOS DE NIVEL MÉDIO NAS CIÊNCIAS ADMINISTRATIVAS";"78";"Controle e Processos Industriais";"Nível Médio"
"3911";"Planejadores, programadores e controladores de produção e manutenção";"TÉCNICOS DE NIVEL MÉDIO EM OPERAÇÕES INDUSTRIAIS";"OUTROS TÉCNICOS DE NÍVEL MÉDIO";"260";"Controle e Processos Industriais";"Nível Médio"
"7211";"Ferramenteiros e afins";"TRABALHADORES DE USINAGEM DE METAIS E DE COMPÓSITOS";"TRABALHADORES DA TRANSFORMAÇÃO DE METAIS E DE COMPÓSITOS";"50";"Controle e Processos Industriais";"Nível Médio"
"7213";"Afiadores e polidores de metais";"TRABALHADORES DE USINAGEM DE METAIS E DE COMPÓSITOS";"TRABALHADORES DA TRANSFORMAÇÃO DE METAIS E DE COMPÓSITOS";"76";"Controle e Processos Industriais";"Nível Médio"
"7222";"Trabalhadores de fundição de metais puros e de ligas metálicas";"TRABALHADORES DE CONFORMAÇÃO DE METAIS E DE COMPÓSITOS";"TRABALHADORES DA TRANSFORMAÇÃO DE METAIS E DE COMPÓSITOS";"35";"Controle e Processos Industriais";"Nível Médio"
"7223";"Trabalhadores de moldagem de metais e de ligas metálicas";"TRABALHADORES DE CONFORMAÇÃO DE METAIS E DE COMPÓSITOS";"TRABALHADORES DA TRANSFORMAÇÃO DE METAIS E DE COMPÓSITOS";"12";"Controle e Processos Industriais";"Nível Médio"
"7241";"Encanadores e instaladores de tubulações";"TRABALHADORES DE MONTAGEM DE TUBULAÇÕES, ESTRUTURAS METÁLICAS E DE COMPÓSITOS";"TRABALHADORES DA TRANSFORMAÇÃO DE METAIS E DE COMPÓSITOS";"92";"Controle e Processos Industriais";"Nível Médio"
"7243";"Trabalhadores de soldagem e corte de ligas metálicas";"TRABALHADORES DE MONTAGEM DE TUBULAÇÕES, ESTRUTURAS METÁLICAS E DE COMPÓSITOS";"TRABALHADORES DA TRANSFORMAÇÃO DE METAIS E DE COMPÓSITOS";"325";"Controle e Processos Industriais";"Nível Médio"
"7257";"Instaladores de equipamentos de refrigeração e ventilação";"MONTADORES DE MÁQUINAS E APARELHOS MECÂNICOS";"TRABALHADORES DA TRANSFORMAÇÃO DE METAIS E DE COMPÓSITOS";"275";"Controle e Processos Industriais";"Nível Médio"
"7311";"Montadores de equipamentos eletroeletrônicos";"MONTADORES E INSTALADORES DE EQUIPAMENTOS ELETROELETRÔNICOS EM GERAL";"TRABALHADORES DA FABRICAÇÃO E INSTALAÇÃO ELETROELETRÔNICA";"64";"Controle e Processos Industriais";"Nível Médio"
"7711";"Marceneiros e afins";"MARCENEIROS E AFINS";"TRABALHADORES DAS INDÚSTRIAS DE MADEIRA E DO MOBILIÁRIO";"22";"Controle e Processos Industriais";"Nível Médio"
"8221";"Forneiros metalúrgicos (segunda fusão e reaquecimento)";"OPERADORES DE INSTALAÇÕES E EQUIPAMENTOS DE PRODUÇÃO DE METAIS E LIGAS- SEGUNDA FUSÃO";"TRABALHADORES DE INSTALAÇÕES SIDERÚRGICAS E DE MATERIAIS DE CONSTRUÇÃO";"1";"Controle e Processos Industriais";"Nível Médio"
"8611";"Operadores de instalações de geração e distribuição de energia elétrica, hidráulica, térmica ou nuclear";"OPERADORES NA GERAÇÃO E DISTRIBUIÇÃO DE ENERGIA (CENTRAIS HIDRELÉTRICAS, TERMELÉTRICAS E NUCLEARES)";"OPERADORES DE PRODUÇÃO, CAPTAÇÃO, TRATAMENTO E DISTRIBUIÇÃO (ENERGIA, ÁGUA E UTILIDADES)";"50";"Controle e Processos Industriais";"Nível Médio"
"9113";"Mecânicos de manutenção de máquinas industriais";"MECÂNICOS DE MANUTENÇÃO DE MÁQUINAS E EQUIPAMENTOS INDUSTRIAIS, COMERCIAIS E RESIDENCIAIS";"TRABALHADORES EM SERVIÇOS DE REPARAÇÃO E MANUTENÇÃO MECÂNICA";"529";"Controle e Processos Industriais";"Nível Médio"
"9131";"Mecânicos de manutenção de máquinas pesadas e equipamentos agrícolas";"MECÂNICOS DE MANUTENÇÃO DE MÁQUINAS PESADAS E EQUIPAMENTOS AGRÍCOLAS";"TRABALHADORES EM SERVIÇOS DE REPARAÇÃO E MANUTENÇÃO MECÂNICA";"89";"Controle e Processos Industriais";"Nível Médio"
"9141";"Mecânicos de manutenção aeronáutica";"MECÂNICOS DE MANUTENÇÃO VEICULAR";"TRABALHADORES EM SERVIÇOS DE REPARAÇÃO E MANUTENÇÃO MECÂNICA";"154";"Controle e Processos Industriais";"Nível Médio"
"9142";"Mecânicos de manutenção de motores e equipamentos navais";"MECÂNICOS DE MANUTENÇÃO VEICULAR";"TRABALHADORES EM SERVIÇOS DE REPARAÇÃO E MANUTENÇÃO MECÂNICA";"1";"Controle e Processos Industriais";"Nível Médio"
"9143";"Mecânicos de manutenção metroferroviária";"MECÂNICOS DE MANUTENÇÃO VEICULAR";"TRABALHADORES EM SERVIÇOS DE REPARAÇÃO E MANUTENÇÃO MECÂNICA";"330";"Controle e Processos Industriais";"Nível Médio"
"9144";"Mecânicos de manutenção de veículos automotores";"MECÂNICOS DE MANUTENÇÃO VEICULAR";"TRABALHADORES EM SERVIÇOS DE REPARAÇÃO E MANUTENÇÃO MECÂNICA";"7";"Controle e Processos Industriais";"Nível Médio"
"9151";"Técnicos em manutenção e reparação de instrumentos de medição e precisão";"REPARADORES DE INSTRUMENTOS E EQUIPAMENTOS DE PRECISÃO";"TRABALHADORES EM SERVIÇOS DE REPARAÇÃO E MANUTENÇÃO MECÂNICA";"16";"Controle e Processos Industriais";"Nível Médio"
"2613";"Arquivistas e museólogos";"PROFISSIONAIS DA COMUNICAÇÃO E DA INFORMAÇÃO";"COMUNICADORES, ARTISTAS E RELIGIOSOS";"349";"Desenvolvimento Educacional e Social";"Nível Médio"
"2614";"Filólogos,tradutores ,intérpretes e afins";"PROFISSIONAIS DA COMUNICAÇÃO E DA INFORMAÇÃO";"COMUNICADORES, ARTISTAS E RELIGIOSOS";"75";"Desenvolvimento Educacional e Social";"Nível Médio"
"3515";"Técnicos em secretariado, taquígrafos e estenotipistas";"TÉCNICOS DAS CIÊNCIAS ADMINISTRATIVAS";"TÉCNICOS DE NIVEL MÉDIO NAS CIÊNCIAS ADMINISTRATIVAS";"4397";"Desenvolvimento Educacional e Social";"Nível Médio"
"3711";"Técnicos em biblioteconomia";"TÉCNICOS DE SERVIÇOS CULTURAIS";"TÉCNICOS EM NIVEL MÉDIO DOS SERVIÇOS CULTURAIS, DAS COMUNICAÇÕES E DOS DESPORTOS";"653";"Desenvolvimento Educacional e Social";"Nível Médio"
"5143";"Trabalhadores nos  serviços de manutenção de edificações";"TRABALHADORES NOS SERVIÇOS DE ADMINISTRAÇÃO, CONSERVAÇÃO E MANUTENÇÃO DE EDIFÍCIOS E LOGRADOUROS";"TRABALHADORES DOS SERVIÇOS";"3085";"Desenvolvimento Educacional e Social";"Nível Médio"
"5153";"Trabalhadores de atenção, defesa e proteção a pessoas em situação de risco e adolescentes em conflito com a lei";"TRABALHADORES DOS SERVIÇOS DE SAÚDE";"TRABALHADORES DOS SERVIÇOS";"2529";"Desenvolvimento Educacional e Social";"Nível Médio"
"6230";"Tratadores polivalentes de animais";"TRABALHADORES NA PECUÁRIA";"TRABALHADORES NA EXPLORAÇÃO AGROPECUÁRIA";"11";"Desenvolvimento Educacional e Social";"Nível Médio"
"8181";"Laboratoristas industriais auxiliares";"OPERADORES DE OPERAÇÃO UNITÁRIA DE LABORATÓRIO (TRANSVERSAL PARA TODA INDÚSTRIA DE PROCESSOS)";"TRABALHADORES EM INDÚSTRIAS DE PROCESSOS CONTÍNUOS E OUTRAS INDÚSTRIAS";"212";"Desenvolvimento Educacional e Social";"Nível Médio"
"8414";"Trabalhadores na fabricação e conservação de alimentos";"OPERADORES DE EQUIPAMENTOS NA PREPARAÇÃO DE ALIMENTOS E BEBIDAS";"TRABALHADORES DA FABRICAÇÃO DE ALIMENTOS, BEBIDAS E FUMO";"254";"Desenvolvimento Educacional e Social";"Nível Médio"
"1414";"Gerentes de operações comerciais e de assistência técnica";"GERENTES DE PRODUÇÃO E OPERAÇÕES";"GERENTES";"606";"Gestão e Negócios";"Nível Médio"
"3421";"Especialistas em logística de transportes";"TÉCNICOS EM TRANSPORTES (LOGÍSTICA)";"TÉCNICOS DE NÍVEL MÉDIO EM SERVIÇOS DE TRANSPORTES";"144";"Gestão e Negócios";"Nível Médio"
"3422";"Despachantes aduaneiros";"TÉCNICOS EM TRANSPORTES (LOGÍSTICA)";"TÉCNICOS DE NÍVEL MÉDIO EM SERVIÇOS DE TRANSPORTES";"3";"Gestão e Negócios";"Nível Médio"
"3511";"Técnicos em contabilidade";"TÉCNICOS DAS CIÊNCIAS ADMINISTRATIVAS";"TÉCNICOS DE NIVEL MÉDIO NAS CIÊNCIAS ADMINISTRATIVAS";"971";"Gestão e Negócios";"Nível Médio"
"3513";"Técnicos em administração";"TÉCNICOS DAS CIÊNCIAS ADMINISTRATIVAS";"TÉCNICOS DE NIVEL MÉDIO NAS CIÊNCIAS ADMINISTRATIVAS";"4879";"Gestão e Negócios";"Nível Médio"
"3514";"Serventuários da justiça e afins";"TÉCNICOS DAS CIÊNCIAS ADMINISTRATIVAS";"TÉCNICOS DE NIVEL MÉDIO NAS CIÊNCIAS ADMINISTRATIVAS";"4791";"Gestão e Negócios";"Nível Médio"
"3515";"Técnicos em secretariado, taquígrafos e estenotipistas";"TÉCNICOS DAS CIÊNCIAS ADMINISTRATIVAS";"TÉCNICOS DE NIVEL MÉDIO NAS CIÊNCIAS ADMINISTRATIVAS";"4397";"Gestão e Negócios";"Nível Médio"
"3517";"Técnicos de seguros e afins";"TÉCNICOS DAS CIÊNCIAS ADMINISTRATIVAS";"TÉCNICOS DE NIVEL MÉDIO NAS CIÊNCIAS ADMINISTRATIVAS";"306";"Gestão e Negócios";"Nível Médio"
"3532";"Técnicos em operações e serviços bancários";"TÉCNICOS DE NÍVEL MÉDIO EM OPERAÇÕES FINANCEIRAS";"TÉCNICOS DE NIVEL MÉDIO NAS CIÊNCIAS ADMINISTRATIVAS";"41";"Gestão e Negócios";"Nível Médio"
"3541";"Especialistas em promoção de produtos e vendas";"TÉCNICOS DE NIVEL MÉDIO EM OPERAÇÕES COMERCIAIS";"TÉCNICOS DE NIVEL MÉDIO NAS CIÊNCIAS ADMINISTRATIVAS";"1299";"Gestão e Negócios";"Nível Médio"
"3542";"Compradores";"TÉCNICOS DE NIVEL MÉDIO EM OPERAÇÕES COMERCIAIS";"TÉCNICOS DE NIVEL MÉDIO NAS CIÊNCIAS ADMINISTRATIVAS";"941";"Gestão e Negócios";"Nível Médio"
"3543";"Analistas de comércio exterior";"TÉCNICOS DE NIVEL MÉDIO EM OPERAÇÕES COMERCIAIS";"TÉCNICOS DE NIVEL MÉDIO NAS CIÊNCIAS ADMINISTRATIVAS";"373";"Gestão e Negócios";"Nível Médio"
"3544";"Leiloeiros e avaliadores";"TÉCNICOS DE NIVEL MÉDIO EM OPERAÇÕES COMERCIAIS";"TÉCNICOS DE NIVEL MÉDIO NAS CIÊNCIAS ADMINISTRATIVAS";"23";"Gestão e Negócios";"Nível Médio"
"3546";"Corretores de imóveis e de grãos";"TÉCNICOS DE NIVEL MÉDIO EM OPERAÇÕES COMERCIAIS";"TÉCNICOS DE NIVEL MÉDIO NAS CIÊNCIAS ADMINISTRATIVAS";"34";"Gestão e Negócios";"Nível Médio"
"3547";"Representantes comerciais autônomos";"TÉCNICOS DE NIVEL MÉDIO EM OPERAÇÕES COMERCIAIS";"TÉCNICOS DE NIVEL MÉDIO NAS CIÊNCIAS ADMINISTRATIVAS";"61";"Gestão e Negócios";"Nível Médio"
"3911";"Planejadores, programadores e controladores de produção e manutenção";"TÉCNICOS DE NIVEL MÉDIO EM OPERAÇÕES INDUSTRIAIS";"OUTROS TÉCNICOS DE NÍVEL MÉDIO";"477";"Gestão e Negócios";"Nível Médio"
"3912";"Técnicos de controle da produção";"TÉCNICOS DE NIVEL MÉDIO EM OPERAÇÕES INDUSTRIAIS";"OUTROS TÉCNICOS DE NÍVEL MÉDIO";"473";"Gestão e Negócios";"Nível Médio"
"4110";"Agentes, assistentes e auxiliares administrativos";"ESCRITURÁRIOS EM GERAL, AGENTES, ASSISTENTES E AUXILIARES ADMINISTRATIVOS";"ESCRITURÁRIOS";"84997";"Gestão e Negócios";"Nível Médio"
"5101";"Supervisores dos serviços de transporte, turismo, hotelaria e administração de edifícios";"SUPERVISORES DOS SERVIÇOS";"TRABALHADORES DOS SERVIÇOS";"133";"Gestão e Negócios";"Nível Médio"
"5211";"Operadores do comércio em lojas e mercados";"VENDEDORES E DEMONSTRADORES";"VENDEDORES E PRESTADORES DE SERVIÇOS DO COMÉRCIO";"5465";"Gestão e Negócios";"Nível Médio"
"2124";"Analistas de tecnologia da informação";"PROFISSIONAIS DA INFORMÁTICA";"PROFISSIONAIS DAS CIÊNCIAS EXATAS, FÍSICAS E DA ENGENHARIA";"13600";"Informação e Comunicação";"Nível Médio"
"3132";"Técnicos em eletrônica";"TÉCNICOS EM ELETROELETRÔNICA E FOTÔNICA";"TÉCNICOS DE NÍVEL MÉDIO DAS CIÊNCIAS FÍSICAS, QUÍMICAS, ENGENHARIA E AFINS";"2528";"Informação e Comunicação";"Nível Médio"
"3133";"Técnicos em telecomunicações";"TÉCNICOS EM ELETROELETRÔNICA E FOTÔNICA";"TÉCNICOS DE NÍVEL MÉDIO DAS CIÊNCIAS FÍSICAS, QUÍMICAS, ENGENHARIA E AFINS";"2341";"Informação e Comunicação";"Nível Médio"
"3171";"Técnicos de desenvolvimento de sistemas e aplicações";"TÉCNICOS EM INFORMÁTICA";"TÉCNICOS DE NÍVEL MÉDIO DAS CIÊNCIAS FÍSICAS, QUÍMICAS, ENGENHARIA E AFINS";"2518";"Informação e Comunicação";"Nível Médio"
"3172";"Técnicos de suporte e monitoração ao usuário de tecnologia da informação.";"TÉCNICOS EM INFORMÁTICA";"TÉCNICOS DE NÍVEL MÉDIO DAS CIÊNCIAS FÍSICAS, QUÍMICAS, ENGENHARIA E AFINS";"2061";"Informação e Comunicação";"Nível Médio"
"3912";"Técnicos de controle da produção";"TÉCNICOS DE NIVEL MÉDIO EM OPERAÇÕES INDUSTRIAIS";"OUTROS TÉCNICOS DE NÍVEL MÉDIO";"473";"Informação e Comunicação";"Nível Médio"
"7313";"Instaladores-reparadores de  linhas e equipamentos de telecomunicações";"MONTADORES E INSTALADORES DE EQUIPAMENTOS ELETROELETRÔNICOS EM GERAL";"TRABALHADORES DA FABRICAÇÃO E INSTALAÇÃO ELETROELETRÔNICA";"31";"Informação e Comunicação";"Nível Médio"
"3121";"Técnicos em construção civil (edificações)";"TÉCNICOS EM CONSTRUÇÃO CIVIL, DE EDIFICAÇÕES E OBRAS DE INFRAESTRUTURA";"TÉCNICOS DE NÍVEL MÉDIO DAS CIÊNCIAS FÍSICAS, QUÍMICAS, ENGENHARIA E AFINS";"990";"Infraestrutura";"Nível Médio"
"3122";"Técnicos em construção civil (obras de infraestrutura)";"TÉCNICOS EM CONSTRUÇÃO CIVIL, DE EDIFICAÇÕES E OBRAS DE INFRAESTRUTURA";"TÉCNICOS DE NÍVEL MÉDIO DAS CIÊNCIAS FÍSICAS, QUÍMICAS, ENGENHARIA E AFINS";"176";"Infraestrutura";"Nível Médio"
"3123";"Técnicos em geomática";"TÉCNICOS EM CONSTRUÇÃO CIVIL, DE EDIFICAÇÕES E OBRAS DE INFRAESTRUTURA";"TÉCNICOS DE NÍVEL MÉDIO DAS CIÊNCIAS FÍSICAS, QUÍMICAS, ENGENHARIA E AFINS";"222";"Infraestrutura";"Nível Médio"
"3180";"Desenhistas técnicos, em geral";"DESENHISTAS TÉCNICOS E MODELISTAS";"TÉCNICOS DE NÍVEL MÉDIO DAS CIÊNCIAS FÍSICAS, QUÍMICAS, ENGENHARIA E AFINS";"191";"Infraestrutura";"Nível Médio"
"3181";"Desenhistas técnicos da construção civil e arquitetura";"DESENHISTAS TÉCNICOS E MODELISTAS";"TÉCNICOS DE NÍVEL MÉDIO DAS CIÊNCIAS FÍSICAS, QUÍMICAS, ENGENHARIA E AFINS";"215";"Infraestrutura";"Nível Médio"
"3185";"Desenhistas projetistas de construção civil e arquitetura";"DESENHISTAS TÉCNICOS E MODELISTAS";"TÉCNICOS DE NÍVEL MÉDIO DAS CIÊNCIAS FÍSICAS, QUÍMICAS, ENGENHARIA E AFINS";"277";"Infraestrutura";"Nível Médio"
"3421";"Especialistas em logística de transportes";"TÉCNICOS EM TRANSPORTES (LOGÍSTICA)";"TÉCNICOS DE NÍVEL MÉDIO EM SERVIÇOS DE TRANSPORTES";"136";"Infraestrutura";"Nível Médio"
"3422";"Despachantes aduaneiros";"TÉCNICOS EM TRANSPORTES (LOGÍSTICA)";"TÉCNICOS DE NÍVEL MÉDIO EM SERVIÇOS DE TRANSPORTES";"3";"Infraestrutura";"Nível Médio"
"3423";"Técnicos em transportes rodoviários";"TÉCNICOS EM TRANSPORTES (LOGÍSTICA)";"TÉCNICOS DE NÍVEL MÉDIO EM SERVIÇOS DE TRANSPORTES";"594";"Infraestrutura";"Nível Médio"
"3425";"Técnicos em transportes aéreos";"TÉCNICOS EM TRANSPORTES (LOGÍSTICA)";"TÉCNICOS DE NÍVEL MÉDIO EM SERVIÇOS DE TRANSPORTES";"845";"Infraestrutura";"Nível Médio"
"3426";"Técnicos em transportes por vias navegáveis e operações portuárias";"TÉCNICOS EM TRANSPORTES (LOGÍSTICA)";"TÉCNICOS DE NÍVEL MÉDIO EM SERVIÇOS DE TRANSPORTES";"9";"Infraestrutura";"Nível Médio"
"3543";"Analistas de comércio exterior";"TÉCNICOS DE NIVEL MÉDIO EM OPERAÇÕES COMERCIAIS";"TÉCNICOS DE NIVEL MÉDIO NAS CIÊNCIAS ADMINISTRATIVAS";"373";"Infraestrutura";"Nível Médio"
"4142";"Apontadores e conferentes";"ESCRITURÁRIOS DE CONTROLE DE MATERIAIS E DE APOIO À PRODUÇÃO";"ESCRITURÁRIOS";"1483";"Infraestrutura";"Nível Médio"
"5143";"Trabalhadores nos  serviços de manutenção de edificações";"TRABALHADORES NOS SERVIÇOS DE ADMINISTRAÇÃO, CONSERVAÇÃO E MANUTENÇÃO DE EDIFÍCIOS E LOGRADOUROS";"TRABALHADORES DOS SERVIÇOS";"1655";"Infraestrutura";"Nível Médio"
"7831";"Trabalhadores de manobras de transportes sobre trilhos";"TRABALHADORES DE MANOBRAS SOBRE TRILHOS E MOVIMENTAÇÃO E CARGAS";"TRABALHADORES DE FUNÇÕES TRANSVERSAIS";"103";"Infraestrutura";"Nível Médio"
"3252";"Técnicos em produção, conservação  e de qualidade de alimentos";"TÉCNICOS DE BIOQUÍMICA E DA BIOTECNOLOGIA";"TÉCNICOS DE NÍVEL MÉDIO DAS CIÊNCIAS BIOLÓGICAS, BIOQUÍMICAS, DA SAÚDE E AFINS";"170";"Produção Alimentícia";"Nível Médio"
"5135";"Trabalhadores auxiliares nos serviços de alimentação";"TRABALHADORES DOS SERVIÇOS DE HOTELARIA E ALIMENTAÇÃO";"TRABALHADORES DOS SERVIÇOS";"5684";"Produção Alimentícia";"Nível Médio"
"8181";"Laboratoristas industriais auxiliares";"OPERADORES DE OPERAÇÃO UNITÁRIA DE LABORATÓRIO (TRANSVERSAL PARA TODA INDÚSTRIA DE PROCESSOS)";"TRABALHADORES EM INDÚSTRIAS DE PROCESSOS CONTÍNUOS E OUTRAS INDÚSTRIAS";"212";"Produção Alimentícia";"Nível Médio"
"8417";"Trabalhadores na fabricação de cachaça, cerveja, vinhos e outras bebidas";"OPERADORES DE EQUIPAMENTOS NA PREPARAÇÃO DE ALIMENTOS E BEBIDAS";"TRABALHADORES DA FABRICAÇÃO DE ALIMENTOS, BEBIDAS E FUMO";"16";"Produção Alimentícia";"Nível Médio"
"8483";"Padeiros, confeiteiros e afins";"TRABALHADORES ARTESANAIS NA  AGROINDÚSTRIA, NA INDÚSTRIA DE ALIMENTOS E DO FUMO";"TRABALHADORES DA FABRICAÇÃO DE ALIMENTOS, BEBIDAS E FUMO";"1975";"Produção Alimentícia";"Nível Médio"
"2141";"Arquitetos e urbanistas";"ENGENHEIROS, ARQUITETOS E AFINS";"PROFISSIONAIS DAS CIÊNCIAS EXATAS, FÍSICAS E DA ENGENHARIA";"9";"Produção Cultural e Design";"Nível Médio"
"2531";"Profissionais de publicidade";"PROFISSIONAIS DE RELAÇÕES PÚBLICAS, PUBLICIDADE, MARKETING E COMERCIALIZAÇÃO";"PROFISSIONAIS DAS CIÊNCIAS SOCIAIS E HUMANAS";"833";"Produção Cultural e Design";"Nível Médio"
"2613";"Arquivistas e museólogos";"PROFISSIONAIS DA COMUNICAÇÃO E DA INFORMAÇÃO";"COMUNICADORES, ARTISTAS E RELIGIOSOS";"13";"Produção Cultural e Design";"Nível Médio"
"2618";"Fotógrafos profissionais";"PROFISSIONAIS DA COMUNICAÇÃO E DA INFORMAÇÃO";"COMUNICADORES, ARTISTAS E RELIGIOSOS";"32";"Produção Cultural e Design";"Nível Médio"
"2621";"Produtores artísticos e culturais";"PROFISSIONAIS DE ESPETÁCULOS E DAS ARTES";"COMUNICADORES, ARTISTAS E RELIGIOSOS";"129";"Produção Cultural e Design";"Nível Médio"
"2624";"Artistas visuais,desenhistas industriais e conservadores-restauradores de bens culturais";"PROFISSIONAIS DE ESPETÁCULOS E DAS ARTES";"COMUNICADORES, ARTISTAS E RELIGIOSOS";"728";"Produção Cultural e Design";"Nível Médio"
"2626";"Músicos compositores, arranjadores, regentes e musicólogos";"PROFISSIONAIS DE ESPETÁCULOS E DAS ARTES";"COMUNICADORES, ARTISTAS E RELIGIOSOS";"15";"Produção Cultural e Design";"Nível Médio"
"2627";"Músicos intérpretes";"PROFISSIONAIS DE ESPETÁCULOS E DAS ARTES";"COMUNICADORES, ARTISTAS E RELIGIOSOS";"21";"Produção Cultural e Design";"Nível Médio"
"3171";"Técnicos de desenvolvimento de sistemas e aplicações";"TÉCNICOS EM INFORMÁTICA";"TÉCNICOS DE NÍVEL MÉDIO DAS CIÊNCIAS FÍSICAS, QUÍMICAS, ENGENHARIA E AFINS";"2586";"Produção Cultural e Design";"Nível Médio"
"3180";"Desenhistas técnicos, em geral";"DESENHISTAS TÉCNICOS E MODELISTAS";"TÉCNICOS DE NÍVEL MÉDIO DAS CIÊNCIAS FÍSICAS, QUÍMICAS, ENGENHARIA E AFINS";"191";"Produção Cultural e Design";"Nível Médio"
"3184";"Desenhistas técnicos de produtos e serviços diversos";"DESENHISTAS TÉCNICOS E MODELISTAS";"TÉCNICOS DE NÍVEL MÉDIO DAS CIÊNCIAS FÍSICAS, QUÍMICAS, ENGENHARIA E AFINS";"99";"Produção Cultural e Design";"Nível Médio"
"3188";"Desenhistas projetistas e modelistas de produtos e serviços diversos";"DESENHISTAS TÉCNICOS E MODELISTAS";"TÉCNICOS DE NÍVEL MÉDIO DAS CIÊNCIAS FÍSICAS, QUÍMICAS, ENGENHARIA E AFINS";"106";"Produção Cultural e Design";"Nível Médio"
"3544";"Leiloeiros e avaliadores";"TÉCNICOS DE NIVEL MÉDIO EM OPERAÇÕES COMERCIAIS";"TÉCNICOS DE NIVEL MÉDIO NAS CIÊNCIAS ADMINISTRATIVAS";"76";"Produção Cultural e Design";"Nível Médio"
"3712";"Técnicos em museologia e afins";"TÉCNICOS DE SERVIÇOS CULTURAIS";"TÉCNICOS EM NIVEL MÉDIO DOS SERVIÇOS CULTURAIS, DAS COMUNICAÇÕES E DOS DESPORTOS";"11";"Produção Cultural e Design";"Nível Médio"
"3713";"Técnicos em artes gráficas";"TÉCNICOS DE SERVIÇOS CULTURAIS";"TÉCNICOS EM NIVEL MÉDIO DOS SERVIÇOS CULTURAIS, DAS COMUNICAÇÕES E DOS DESPORTOS";"31";"Produção Cultural e Design";"Nível Médio"
"3721";"Captadores de imagens em movimento";"TÉCNICOS EM OPERAÇÃO DE CÂMARA FOTOGRÁFICA , CINEMA E DE TELEVISÃO";"TÉCNICOS EM NIVEL MÉDIO DOS SERVIÇOS CULTURAIS, DAS COMUNICAÇÕES E DOS DESPORTOS";"116";"Produção Cultural e Design";"Nível Médio"
"3731";"Técnicos de operação de registros sonoro/audiovisuais";"TÉCNICOS EM OPERAÇÃO DE EMISSORAS DE RÁDIO, SISTEMAS DE TELEVISÃO E DE PRODUTORAS DE VÍDEO";"TÉCNICOS EM NIVEL MÉDIO DOS SERVIÇOS CULTURAIS, DAS COMUNICAÇÕES E DOS DESPORTOS";"278";"Produção Cultural e Design";"Nível Médio"
"3732";"Supervisores operacionais e técnicos em mídias audiovisuais";"TÉCNICOS EM OPERAÇÃO DE EMISSORAS DE RÁDIO, SISTEMAS DE TELEVISÃO E DE PRODUTORAS DE VÍDEO";"TÉCNICOS EM NIVEL MÉDIO DOS SERVIÇOS CULTURAIS, DAS COMUNICAÇÕES E DOS DESPORTOS";"382";"Produção Cultural e Design";"Nível Médio"
"3741";"Técnicos em áudio";"TÉCNICOS EM OPERAÇÃO DE APARELHOS DE SONORIZAÇÃO, CENOGRAFIA E PROJEÇÃO";"TÉCNICOS EM NIVEL MÉDIO DOS SERVIÇOS CULTURAIS, DAS COMUNICAÇÕES E DOS DESPORTOS";"275";"Produção Cultural e Design";"Nível Médio"
"3742";"Técnicos em cenografia";"TÉCNICOS EM OPERAÇÃO DE APARELHOS DE SONORIZAÇÃO, CENOGRAFIA E PROJEÇÃO";"TÉCNICOS EM NIVEL MÉDIO DOS SERVIÇOS CULTURAIS, DAS COMUNICAÇÕES E DOS DESPORTOS";"18";"Produção Cultural e Design";"Nível Médio"
"3743";"Técnicos em operação de aparelhos de projeção";"TÉCNICOS EM OPERAÇÃO DE APARELHOS DE SONORIZAÇÃO, CENOGRAFIA E PROJEÇÃO";"TÉCNICOS EM NIVEL MÉDIO DOS SERVIÇOS CULTURAIS, DAS COMUNICAÇÕES E DOS DESPORTOS";"29";"Produção Cultural e Design";"Nível Médio"
"3744";"Técnicos em montagem, edição e finalização de mídia audiovisual";"TÉCNICOS EM OPERAÇÃO DE APARELHOS DE SONORIZAÇÃO, CENOGRAFIA E PROJEÇÃO";"TÉCNICOS EM NIVEL MÉDIO DOS SERVIÇOS CULTURAIS, DAS COMUNICAÇÕES E DOS DESPORTOS";"202";"Produção Cultural e Design";"Nível Médio"
"3751";"Designers de interiores, de vitrines e visual merchandiser e afins (nível médio)";"DECORADORES E VITRINISTAS";"TÉCNICOS EM NIVEL MÉDIO DOS SERVIÇOS CULTURAIS, DAS COMUNICAÇÕES E DOS DESPORTOS";"163";"Produção Cultural e Design";"Nível Médio"
"3761";"Dançarinos tradicionais e populares";"ARTISTAS DE ARTES POPULARES E MODELOS";"TÉCNICOS EM NIVEL MÉDIO DOS SERVIÇOS CULTURAIS, DAS COMUNICAÇÕES E DOS DESPORTOS";"1";"Produção Cultural e Design";"Nível Médio"
"3762";"Artistas de circo (circenses)";"ARTISTAS DE ARTES POPULARES E MODELOS";"TÉCNICOS EM NIVEL MÉDIO DOS SERVIÇOS CULTURAIS, DAS COMUNICAÇÕES E DOS DESPORTOS";"1";"Produção Cultural e Design";"Nível Médio"
"3763";"Apresentadores de eventos, programas e espetáculos";"ARTISTAS DE ARTES POPULARES E MODELOS";"TÉCNICOS EM NIVEL MÉDIO DOS SERVIÇOS CULTURAIS, DAS COMUNICAÇÕES E DOS DESPORTOS";"9";"Produção Cultural e Design";"Nível Médio"
"5173";"Vigilantes e guardas de segurança";"TRABALHADORES NOS SERVIÇOS DE PROTEÇÃO E SEGURANÇA";"TRABALHADORES DOS SERVIÇOS";"20932";"Produção Cultural e Design";"Nível Médio"
"7421";"Confeccionadores de instrumentos musicais";"MONTADORES E AJUSTADORES DE INSTRUMENTOS MUSICAIS";"MONTADORES DE APARELHOS E INSTRUMENTOS DE PRECISÃO E MUSICAIS";"8";"Produção Cultural e Design";"Nível Médio"
"7510";"Joalheiros e lapidadores de gemas";"JOALHEIROS E OURIVES";"JOALHEIROS, VIDREIROS, CERAMISTAS E AFINS";"1";"Produção Cultural e Design";"Nível Médio"
"7511";"Artesãos de metais preciosos e semi-preciosos";"JOALHEIROS E OURIVES";"JOALHEIROS, VIDREIROS, CERAMISTAS E AFINS";"16";"Produção Cultural e Design";"Nível Médio"
"7521";"Sopradores, moldadores e modeladores de vidros e afins";"VIDREIROS, CERAMISTAS E AFINS";"JOALHEIROS, VIDREIROS, CERAMISTAS E AFINS";"5";"Produção Cultural e Design";"Nível Médio"
"7661";"Trabalhadores da pré-impressão gráfica";"TRABALHADORES DA PRODUÇÃO GRÁFICA";"TRABALHADORES NAS INDÚSTRIAS TÊXTIL, DO CURTIMENTO, DO VESTÚARIO E DAS ARTES GRÁFICAS";"154";"Produção Cultural e Design";"Nível Médio"
"7687";"Encadernadores e recuperadores de livros (pequenos lotes ou a unidade)";"TRABALHADORES ARTESANAIS DAS ATIVIDADES TÊXTEIS, DO VESTUÁRIO E DAS ARTES GRÁFICAS";"TRABALHADORES NAS INDÚSTRIAS TÊXTIL, DO CURTIMENTO, DO VESTÚARIO E DAS ARTES GRÁFICAS";"13";"Produção Cultural e Design";"Nível Médio"
"7711";"Marceneiros e afins";"MARCENEIROS E AFINS";"TRABALHADORES DAS INDÚSTRIAS DE MADEIRA E DO MOBILIÁRIO";"884";"Produção Cultural e Design";"Nível Médio"
"7911";"Artesãos";"TRABALHADORES DO ARTESANATO URBANO E RURAL";"TRABALHADORES DO ARTESANATO";"21";"Produção Cultural e Design";"Nível Médio"
"3011";"Técnicos de laboratório industrial";"TÉCNICOS EM LABORATÓRIO";"TÉCNICOS POLIVALENTES";"231";"Produção Industrial";"Nível Médio"
"3111";"Técnicos químicos";"TÉCNICO EM CIÊNCIAS FÍSICAS E QUÍMICAS";"TÉCNICOS DE NÍVEL MÉDIO DAS CIÊNCIAS FÍSICAS, QUÍMICAS, ENGENHARIA E AFINS";"252";"Produção Industrial";"Nível Médio"
"3112";"Técnicos de produção de indústrias químicas, petroquímicas, refino de petróleo, gás e afins";"TÉCNICO EM CIÊNCIAS FÍSICAS E QUÍMICAS";"TÉCNICOS DE NÍVEL MÉDIO DAS CIÊNCIAS FÍSICAS, QUÍMICAS, ENGENHARIA E AFINS";"3";"Produção Industrial";"Nível Médio"
"3113";"Técnicos em materiais, produtos cerâmicos e vidros";"TÉCNICO EM CIÊNCIAS FÍSICAS E QUÍMICAS";"TÉCNICOS DE NÍVEL MÉDIO DAS CIÊNCIAS FÍSICAS, QUÍMICAS, ENGENHARIA E AFINS";"4";"Produção Industrial";"Nível Médio"
"3114";"Técnicos em fabricação de produtos plásticos e de borracha";"TÉCNICO EM CIÊNCIAS FÍSICAS E QUÍMICAS";"TÉCNICOS DE NÍVEL MÉDIO DAS CIÊNCIAS FÍSICAS, QUÍMICAS, ENGENHARIA E AFINS";"12";"Produção Industrial";"Nível Médio"
"3116";"Técnicos têxteis";"TÉCNICO EM CIÊNCIAS FÍSICAS E QUÍMICAS";"TÉCNICOS DE NÍVEL MÉDIO DAS CIÊNCIAS FÍSICAS, QUÍMICAS, ENGENHARIA E AFINS";"2";"Produção Industrial";"Nível Médio"
"3117";"Coloristas";"TÉCNICO EM CIÊNCIAS FÍSICAS E QUÍMICAS";"TÉCNICOS DE NÍVEL MÉDIO DAS CIÊNCIAS FÍSICAS, QUÍMICAS, ENGENHARIA E AFINS";"71";"Produção Industrial";"Nível Médio"
"3182";"Desenhistas técnicos da mecânica";"DESENHISTAS TÉCNICOS E MODELISTAS";"TÉCNICOS DE NÍVEL MÉDIO DAS CIÊNCIAS FÍSICAS, QUÍMICAS, ENGENHARIA E AFINS";"7";"Produção Industrial";"Nível Médio"
"3184";"Desenhistas técnicos de produtos e serviços diversos";"DESENHISTAS TÉCNICOS E MODELISTAS";"TÉCNICOS DE NÍVEL MÉDIO DAS CIÊNCIAS FÍSICAS, QUÍMICAS, ENGENHARIA E AFINS";"96";"Produção Industrial";"Nível Médio"
"3188";"Desenhistas projetistas e modelistas de produtos e serviços diversos";"DESENHISTAS TÉCNICOS E MODELISTAS";"TÉCNICOS DE NÍVEL MÉDIO DAS CIÊNCIAS FÍSICAS, QUÍMICAS, ENGENHARIA E AFINS";"97";"Produção Industrial";"Nível Médio"
"3192";"Técnicos do mobiliário e afins";"OUTROS TÉCNICOS DE NÍVEL MÉDIO DAS CIÊNCIAS FÍSICAS, QUÍMICAS, ENGENHARIA E AFINS";"TÉCNICOS DE NÍVEL MÉDIO DAS CIÊNCIAS FÍSICAS, QUÍMICAS, ENGENHARIA E AFINS";"6";"Produção Industrial";"Nível Médio"
"3253";"Técnicos de apoio à biotecnologia";"TÉCNICOS DE BIOQUÍMICA E DA BIOTECNOLOGIA";"TÉCNICOS DE NÍVEL MÉDIO DAS CIÊNCIAS BIOLÓGICAS, BIOQUÍMICAS, DA SAÚDE E AFINS";"6";"Produção Industrial";"Nível Médio"
"3713";"Técnicos em artes gráficas";"TÉCNICOS DE SERVIÇOS CULTURAIS";"TÉCNICOS EM NIVEL MÉDIO DOS SERVIÇOS CULTURAIS, DAS COMUNICAÇÕES E DOS DESPORTOS";"31";"Produção Industrial";"Nível Médio"
"3911";"Planejadores, programadores e controladores de produção e manutenção";"TÉCNICOS DE NIVEL MÉDIO EM OPERAÇÕES INDUSTRIAIS";"OUTROS TÉCNICOS DE NÍVEL MÉDIO";"260";"Produção Industrial";"Nível Médio"
"7601";"Supervisores da indústria têxtil";"SUPERVISORES NAS INDÚSTRIAS TÊXTIL, DO CURTIMENTO, DO VESTUÁRIO E DAS ARTES GRÁFICAS";"TRABALHADORES NAS INDÚSTRIAS TÊXTIL, DO CURTIMENTO, DO VESTÚARIO E DAS ARTES GRÁFICAS";"1";"Produção Industrial";"Nível Médio"
"7606";"Supervisores das artes gráficas";"SUPERVISORES NAS INDÚSTRIAS TÊXTIL, DO CURTIMENTO, DO VESTUÁRIO E DAS ARTES GRÁFICAS";"TRABALHADORES NAS INDÚSTRIAS TÊXTIL, DO CURTIMENTO, DO VESTÚARIO E DAS ARTES GRÁFICAS";"30";"Produção Industrial";"Nível Médio"
"7611";"Trabalhadores da classificação de fibras têxteis e lavagem de lã";"TRABALHADORES DAS INDUSTRIAS TÊXTEIS";"TRABALHADORES NAS INDÚSTRIAS TÊXTIL, DO CURTIMENTO, DO VESTÚARIO E DAS ARTES GRÁFICAS";"1";"Produção Industrial";"Nível Médio"
"7618";"Inspetores e revisores de produção têxtil";"TRABALHADORES DAS INDUSTRIAS TÊXTEIS";"TRABALHADORES NAS INDÚSTRIAS TÊXTIL, DO CURTIMENTO, DO VESTÚARIO E DAS ARTES GRÁFICAS";"4";"Produção Industrial";"Nível Médio"
"7622";"Trabalhadores do curtimento de couros e peles";"TRABALHADORES DO TRATAMENTO DE COUROS E PELES";"TRABALHADORES NAS INDÚSTRIAS TÊXTIL, DO CURTIMENTO, DO VESTÚARIO E DAS ARTES GRÁFICAS";"6";"Produção Industrial";"Nível Médio"
"3161";"Técnicos em geologia";"TÉCNICOS EM MINERALOGIA E GEOLOGIA";"TÉCNICOS DE NÍVEL MÉDIO DAS CIÊNCIAS FÍSICAS, QUÍMICAS, ENGENHARIA E AFINS";"24";"Recursos Naturais";"Nível Médio"
"3163";"Técnicos em mineração";"TÉCNICOS EM MINERALOGIA E GEOLOGIA";"TÉCNICOS DE NÍVEL MÉDIO DAS CIÊNCIAS FÍSICAS, QUÍMICAS, ENGENHARIA E AFINS";"41";"Recursos Naturais";"Nível Médio"
"3211";"Técnicos agrícolas";"TÉCNICOS DA PRODUÇÃO AGROPECUÁRIA";"TÉCNICOS DE NÍVEL MÉDIO DAS CIÊNCIAS BIOLÓGICAS, BIOQUÍMICAS, DA SAÚDE E AFINS";"163";"Recursos Naturais";"Nível Médio"
"3212";"Técnicos florestais";"TÉCNICOS DA PRODUÇÃO AGROPECUÁRIA";"TÉCNICOS DE NÍVEL MÉDIO DAS CIÊNCIAS BIOLÓGICAS, BIOQUÍMICAS, DA SAÚDE E AFINS";"64";"Recursos Naturais";"Nível Médio"
"3213";"Técnicos em aqüicultura";"TÉCNICOS DA PRODUÇÃO AGROPECUÁRIA";"TÉCNICOS DE NÍVEL MÉDIO DAS CIÊNCIAS BIOLÓGICAS, BIOQUÍMICAS, DA SAÚDE E AFINS";"1";"Recursos Naturais";"Nível Médio"
"3231";"Técnicos em pecuária";"TÉCNICOS DA CIÊNCIA DA SAÚDE ANIMAL";"TÉCNICOS DE NÍVEL MÉDIO DAS CIÊNCIAS BIOLÓGICAS, BIOQUÍMICAS, DA SAÚDE E AFINS";"11";"Recursos Naturais";"Nível Médio"
"3252";"Técnicos em produção, conservação  e de qualidade de alimentos";"TÉCNICOS DE BIOQUÍMICA E DA BIOTECNOLOGIA";"TÉCNICOS DE NÍVEL MÉDIO DAS CIÊNCIAS BIOLÓGICAS, BIOQUÍMICAS, DA SAÚDE E AFINS";"170";"Recursos Naturais";"Nível Médio"
"1421";"Gerentes administrativos, financeiros, de riscos e afins";"GERENTES DE ÁREAS DE APOIO";"GERENTES";"102";"Segurança";"Nível Médio"
"2521";"Administradores";"PROFISSIONAIS DE ORGANIZAÇÃO E ADMINISTRAÇÃO DE EMPRESAS E AFINS";"PROFISSIONAIS DAS CIÊNCIAS SOCIAIS E HUMANAS";"16081";"Segurança";"Nível Médio"
"3516";"Técnicos em segurança do trabalho";"TÉCNICOS DAS CIÊNCIAS ADMINISTRATIVAS";"TÉCNICOS DE NIVEL MÉDIO NAS CIÊNCIAS ADMINISTRATIVAS";"1039";"Segurança";"Nível Médio"
"5103";"Supervisores dos serviços de proteção, segurança e outros";"SUPERVISORES DOS SERVIÇOS";"TRABALHADORES DOS SERVIÇOS";"26";"Segurança";"Nível Médio"
"5171";"Bombeiros, salva-vidas e afins";"TRABALHADORES NOS SERVIÇOS DE PROTEÇÃO E SEGURANÇA";"TRABALHADORES DOS SERVIÇOS";"3869";"Segurança";"Nível Médio"
"3548";"Técnicos em serviços de turismo e organização de eventos";"TÉCNICOS DE NIVEL MÉDIO EM OPERAÇÕES COMERCIAIS";"TÉCNICOS DE NIVEL MÉDIO NAS CIÊNCIAS ADMINISTRATIVAS";"397";"Turismo Hospedagem e Lazer";"Nível Médio"
"3714";"Recreadores";"TÉCNICOS DE SERVIÇOS CULTURAIS";"TÉCNICOS EM NIVEL MÉDIO DOS SERVIÇOS CULTURAIS, DAS COMUNICAÇÕES E DOS DESPORTOS";"1929";"Turismo Hospedagem e Lazer";"Nível Médio"
"4221";"Recepcionistas";"TRABALHADORES DE INFORMAÇÕES AO PÚBLICO";"TRABALHADORES DE ATENDIMENTO AO PÚBLICO";"544";"Turismo Hospedagem e Lazer";"Nível Médio"
"5101";"Supervisores dos serviços de transporte, turismo, hotelaria e administração de edifícios";"SUPERVISORES DOS SERVIÇOS";"TRABALHADORES DOS SERVIÇOS";"381";"Turismo Hospedagem e Lazer";"Nível Médio"
"5131";"Mordomos e governantas";"TRABALHADORES DOS SERVIÇOS DE HOTELARIA E ALIMENTAÇÃO";"TRABALHADORES DOS SERVIÇOS";"77";"Turismo Hospedagem e Lazer";"Nível Médio"
"5132";"Cozinheiros";"TRABALHADORES DOS SERVIÇOS DE HOTELARIA E ALIMENTAÇÃO";"TRABALHADORES DOS SERVIÇOS";"6893";"Turismo Hospedagem e Lazer";"Nível Médio"
"5134";"Trabalhadores no atendimento em estabelecimentos de serviços de alimentação, bebidas e hotelaria";"TRABALHADORES DOS SERVIÇOS DE HOTELARIA E ALIMENTAÇÃO";"TRABALHADORES DOS SERVIÇOS";"4994";"Turismo Hospedagem e Lazer";"Nível Médio"
"3123";"Técnicos em geomática";"TÉCNICOS EM CONSTRUÇÃO CIVIL, DE EDIFICAÇÕES E OBRAS DE INFRAESTRUTURA";"TÉCNICOS DE NÍVEL MÉDIO DAS CIÊNCIAS FÍSICAS, QUÍMICAS, ENGENHARIA E AFINS";"8";"Militar";"Nível Médio"
"3133";"Técnicos em telecomunicações";"TÉCNICOS EM ELETROELETRÔNICA E FOTÔNICA";"TÉCNICOS DE NÍVEL MÉDIO DAS CIÊNCIAS FÍSICAS, QUÍMICAS, ENGENHARIA E AFINS";"1629";"Militar";"Nível Médio"
"3143";"Técnicos em mecânica veicular";"TÉCNICOS EM METALMECÂNICA";"TÉCNICOS DE NÍVEL MÉDIO DAS CIÊNCIAS FÍSICAS, QUÍMICAS, ENGENHARIA E AFINS";"116";"Militar";"Nível Médio"
"3180";"Desenhistas técnicos, em geral";"DESENHISTAS TÉCNICOS E MODELISTAS";"TÉCNICOS DE NÍVEL MÉDIO DAS CIÊNCIAS FÍSICAS, QUÍMICAS, ENGENHARIA E AFINS";"43";"Militar";"Nível Médio"
"3181";"Desenhistas técnicos da construção civil e arquitetura";"DESENHISTAS TÉCNICOS E MODELISTAS";"TÉCNICOS DE NÍVEL MÉDIO DAS CIÊNCIAS FÍSICAS, QUÍMICAS, ENGENHARIA E AFINS";"30";"Militar";"Nível Médio"
"3185";"Desenhistas projetistas de construção civil e arquitetura";"DESENHISTAS TÉCNICOS E MODELISTAS";"TÉCNICOS DE NÍVEL MÉDIO DAS CIÊNCIAS FÍSICAS, QUÍMICAS, ENGENHARIA E AFINS";"127";"Militar";"Nível Médio"
"3425";"Técnicos em transportes aéreos";"TÉCNICOS EM TRANSPORTES (LOGÍSTICA)";"TÉCNICOS DE NÍVEL MÉDIO EM SERVIÇOS DE TRANSPORTES";"34";"Militar";"Nível Médio"
"3911";"Planejadores, programadores e controladores de produção e manutenção";"TÉCNICOS DE NIVEL MÉDIO EM OPERAÇÕES INDUSTRIAIS";"OUTROS TÉCNICOS DE NÍVEL MÉDIO";"217";"Militar";"Nível Médio"
"5171";"Bombeiros, salva-vidas e afins";"TRABALHADORES NOS SERVIÇOS DE PROTEÇÃO E SEGURANÇA";"TRABALHADORES DOS SERVIÇOS";"520";"Militar";"Nível Médio"
"5173";"Vigilantes e guardas de segurança";"TRABALHADORES NOS SERVIÇOS DE PROTEÇÃO E SEGURANÇA";"TRABALHADORES DOS SERVIÇOS";"2727";"Militar";"Nível Médio"
"9141";"Mecânicos de manutenção aeronáutica";"MECÂNICOS DE MANUTENÇÃO VEICULAR";"TRABALHADORES EM SERVIÇOS DE REPARAÇÃO E MANUTENÇÃO MECÂNICA";"143";"Militar";"Nível Médio"
"9144";"Mecânicos de manutenção de veículos automotores";"MECÂNICOS DE MANUTENÇÃO VEICULAR";"TRABALHADORES EM SERVIÇOS DE REPARAÇÃO E MANUTENÇÃO MECÂNICA";"2088";"Militar";"Nível Médio"
"9502";"Supervisores de manutenção eletroeletrônica veicular";"SUPERVISORES DE MANUTENÇÃO ELETROELETRÔNICA E ELETROMECÂNICA";"POLIMANTENEDORES";"28";"Militar";"Nível Médio"
"1312";"Gestores e especialistas de operações em empresas, secretarias e unidades de serviços de saúde";"DIRETORES E GERENTES EM EMPRESA DE SERVIÇOS DE SAÚDE, DE EDUCAÇÃO, OU DE SERVIÇOS CULTURAIS, SOCIAIS OU PESSOAIS";"DIRETORES E GERENTES EM EMPRESA DE SERVIÇOS DE SAÚDE, DA EDUCAÇÃO, OU DE SERVIÇOS CULTURAIS, SOCIAIS OU PESSOAIS";"6";"Ambiente e Saúde";"Nível Superior"
"1427";"Gerentes de manutenção e afins";"GERENTES DE ÁREAS DE APOIO";"GERENTES";"14";"Ambiente e Saúde";"Nível Superior"
"2140";"Engenheiros ambientais e afins";"ENGENHEIROS, ARQUITETOS E AFINS";"PROFISSIONAIS DAS CIÊNCIAS EXATAS, FÍSICAS E DA ENGENHARIA";"7";"Ambiente e Saúde";"Nível Superior"
"3221";"Tecnólogos e técnicos em terapias complementares e estéticas";"TÉCNICOS DA CIÊNCIA DA SAÚDE HUMANA";"TÉCNICOS DE NÍVEL MÉDIO DAS CIÊNCIAS BIOLÓGICAS, BIOQUÍMICAS, DA SAÚDE E AFINS";"121";"Ambiente e Saúde";"Nível Superior"
"3241";"Tecnólogos e técnicos em métodos de diagnósticos e terapêutica";"TÉCNICOS EM OPERAÇÃO DE EQUIPAMENTOS E INSTRUMENTOS DE DIAGNÓSTICO";"TÉCNICOS DE NÍVEL MÉDIO DAS CIÊNCIAS BIOLÓGICAS, BIOQUÍMICAS, DA SAÚDE E AFINS";"63";"Ambiente e Saúde";"Nível Superior"
"2021";"Engenheiros de controle e automação, engenheiros mecatrônicos e afins";"PROFISSIONAIS DA ELETROMECÂNICA";"PESQUISADORES E PROFISSIONAIS POLICIENTÍFICOS";"2";"Controle e Processos Industriais";"Nível Superior"
"2143";"Engenheiros eletricistas, eletrônicos e afins";"ENGENHEIROS, ARQUITETOS E AFINS";"PROFISSIONAIS DAS CIÊNCIAS EXATAS, FÍSICAS E DA ENGENHARIA";"27";"Controle e Processos Industriais";"Nível Superior"
"2144";"Engenheiros mecânicos e afins";"ENGENHEIROS, ARQUITETOS E AFINS";"PROFISSIONAIS DAS CIÊNCIAS EXATAS, FÍSICAS E DA ENGENHARIA";"1";"Controle e Processos Industriais";"Nível Superior"
"2146";"Engenheiros metalurgistas, de materiais e afins";"ENGENHEIROS, ARQUITETOS E AFINS";"PROFISSIONAIS DAS CIÊNCIAS EXATAS, FÍSICAS E DA ENGENHARIA";"1";"Controle e Processos Industriais";"Nível Superior"
"1226";"Diretores de operações de serviços em empresa de armazenamento, de transporte e de telecomunicação";"DIRETORES DE PRODUÇÃO E OPERAÇÕES";"DIRIGENTES DE EMPRESAS E ORGANIZAÇÕES (EXCETO DE INTERESSE PÚBLICO)";"2";"Gestão e Negócios";"Nível Superior"
"1233";"Diretores de comercialização e marketing";"DIRETORES DE ÁREAS DE APOIO";"DIRIGENTES DE EMPRESAS E ORGANIZAÇÕES (EXCETO DE INTERESSE PÚBLICO)";"94";"Gestão e Negócios";"Nível Superior"
"1234";"Diretores de suprimentos e afins";"DIRETORES DE ÁREAS DE APOIO";"DIRIGENTES DE EMPRESAS E ORGANIZAÇÕES (EXCETO DE INTERESSE PÚBLICO)";"6";"Gestão e Negócios";"Nível Superior"
"1416";"Gerentes de operações de serviços em empresa de transporte, de comunicação e de logística (armazenagem e distribuição)";"GERENTES DE PRODUÇÃO E OPERAÇÕES";"GERENTES";"93";"Gestão e Negócios";"Nível Superior"
"1417";"Gerentes de operações de serviços em instituição de intermediação financeira";"GERENTES DE PRODUÇÃO E OPERAÇÕES";"GERENTES";"4";"Gestão e Negócios";"Nível Superior"
"1421";"Gerentes administrativos, financeiros, de riscos e afins";"GERENTES DE ÁREAS DE APOIO";"GERENTES";"2664";"Gestão e Negócios";"Nível Superior"
"1423";"Gerentes de comercialização, marketing e comunicação";"GERENTES DE ÁREAS DE APOIO";"GERENTES";"1908";"Gestão e Negócios";"Nível Superior"
"2512";"Economistas";"CIENTISTAS SOCIAIS, PSICÓLOGOS E AFINS";"PROFISSIONAIS DAS CIÊNCIAS SOCIAIS E HUMANAS";"770";"Gestão e Negócios";"Nível Superior"
"2521";"Administradores";"PROFISSIONAIS DE ORGANIZAÇÃO E ADMINISTRAÇÃO DE EMPRESAS E AFINS";"PROFISSIONAIS DAS CIÊNCIAS SOCIAIS E HUMANAS";"16081";"Gestão e Negócios";"Nível Superior"
"2523";"Secretárias(os) executivas(os) e afins";"PROFISSIONAIS DE ORGANIZAÇÃO E ADMINISTRAÇÃO DE EMPRESAS E AFINS";"PROFISSIONAIS DAS CIÊNCIAS SOCIAIS E HUMANAS";"2490";"Gestão e Negócios";"Nível Superior"
"2524";"Profissionais de recursos humanos";"PROFISSIONAIS DE ORGANIZAÇÃO E ADMINISTRAÇÃO DE EMPRESAS E AFINS";"PROFISSIONAIS DAS CIÊNCIAS SOCIAIS E HUMANAS";"1197";"Gestão e Negócios";"Nível Superior"
"2525";"Profissionais de administração ecônomico-financeira";"PROFISSIONAIS DE ORGANIZAÇÃO E ADMINISTRAÇÃO DE EMPRESAS E AFINS";"PROFISSIONAIS DAS CIÊNCIAS SOCIAIS E HUMANAS";"2064";"Gestão e Negócios";"Nível Superior"
"3421";"Especialistas em logística de transportes";"TÉCNICOS EM TRANSPORTES (LOGÍSTICA)";"TÉCNICOS DE NÍVEL MÉDIO EM SERVIÇOS DE TRANSPORTES";"340";"Gestão e Negócios";"Nível Superior"
"1425";"Gerentes de tecnologia da informação";"GERENTES DE ÁREAS DE APOIO";"GERENTES";"173";"Informação e Comunicação";"Nível Superior"
"2123";"Administradores de tecnologia da informação";"PROFISSIONAIS DA INFORMÁTICA";"PROFISSIONAIS DAS CIÊNCIAS EXATAS, FÍSICAS E DA ENGENHARIA";"829";"Informação e Comunicação";"Nível Superior"
"2124";"Analistas de tecnologia da informação";"PROFISSIONAIS DA INFORMÁTICA";"PROFISSIONAIS DAS CIÊNCIAS EXATAS, FÍSICAS E DA ENGENHARIA";"12202";"Informação e Comunicação";"Nível Superior"
"2143";"Engenheiros eletricistas, eletrônicos e afins";"ENGENHEIROS, ARQUITETOS E AFINS";"PROFISSIONAIS DAS CIÊNCIAS EXATAS, FÍSICAS E DA ENGENHARIA";"66";"Informação e Comunicação";"Nível Superior"
"2621";"Produtores artísticos e culturais";"PROFISSIONAIS DE ESPETÁCULOS E DAS ARTES";"COMUNICADORES, ARTISTAS E RELIGIOSOS";"30";"Informação e Comunicação";"Nível Superior"
"1226";"Diretores de operações de serviços em empresa de armazenamento, de transporte e de telecomunicação";"DIRETORES DE PRODUÇÃO E OPERAÇÕES";"DIRIGENTES DE EMPRESAS E ORGANIZAÇÕES (EXCETO DE INTERESSE PÚBLICO)";"2";"Infraestrutura";"Nível Superior"
"2142";"Engenheiros civis e afins";"ENGENHEIROS, ARQUITETOS E AFINS";"PROFISSIONAIS DAS CIÊNCIAS EXATAS, FÍSICAS E DA ENGENHARIA";"137";"Infraestrutura";"Nível Superior"
"3421";"Especialistas em logística de transportes";"TÉCNICOS EM TRANSPORTES (LOGÍSTICA)";"TÉCNICOS DE NÍVEL MÉDIO EM SERVIÇOS DE TRANSPORTES";"371";"Infraestrutura";"Nível Superior"
"2222";"Engenheiros de alimentos e afins";"AGRÔNOMOS E AFINS";"PROFISSIONAIS DAS CIÊNCIAS BIOLÓGICAS, DA SAÚDE E AFINS";"1";"Produção Alimentícia";"Nível Superior"
"2531";"Profissionais de publicidade";"PROFISSIONAIS DE RELAÇÕES PÚBLICAS, PUBLICIDADE, MARKETING E COMERCIALIZAÇÃO";"PROFISSIONAIS DAS CIÊNCIAS SOCIAIS E HUMANAS";"336";"Produção Cultural e Design";"Nível Superior"
"2614";"Filólogos,tradutores ,intérpretes e afins";"PROFISSIONAIS DA COMUNICAÇÃO E DA INFORMAÇÃO";"COMUNICADORES, ARTISTAS E RELIGIOSOS";"35";"Produção Cultural e Design";"Nível Superior"
"2618";"Fotógrafos profissionais";"PROFISSIONAIS DA COMUNICAÇÃO E DA INFORMAÇÃO";"COMUNICADORES, ARTISTAS E RELIGIOSOS";"11";"Produção Cultural e Design";"Nível Superior"
"2621";"Produtores artísticos e culturais";"PROFISSIONAIS DE ESPETÁCULOS E DAS ARTES";"COMUNICADORES, ARTISTAS E RELIGIOSOS";"58";"Produção Cultural e Design";"Nível Superior"
"2623";"Cenógrafos";"PROFISSIONAIS DE ESPETÁCULOS E DAS ARTES";"COMUNICADORES, ARTISTAS E RELIGIOSOS";"12";"Produção Cultural e Design";"Nível Superior"
"2624";"Artistas visuais,desenhistas industriais e conservadores-restauradores de bens culturais";"PROFISSIONAIS DE ESPETÁCULOS E DAS ARTES";"COMUNICADORES, ARTISTAS E RELIGIOSOS";"488";"Produção Cultural e Design";"Nível Superior"
"2629";"Designer de interiores de nível superior";"PROFISSIONAIS DE ESPETÁCULOS E DAS ARTES";"COMUNICADORES, ARTISTAS E RELIGIOSOS";"14";"Produção Cultural e Design";"Nível Superior"
"2144";"Engenheiros mecânicos e afins";"ENGENHEIROS, ARQUITETOS E AFINS";"PROFISSIONAIS DAS CIÊNCIAS EXATAS, FÍSICAS E DA ENGENHARIA";"1";"Produção Industrial";"Nível Superior"
"2149";"Engenheiros de produção, qualidade, segurança e afins";"ENGENHEIROS, ARQUITETOS E AFINS";"PROFISSIONAIS DAS CIÊNCIAS EXATAS, FÍSICAS E DA ENGENHARIA";"9";"Produção Industrial";"Nível Superior"
"1411";"Gerentes de produção e operações em empresa agropecuária, pesqueira, aqüícola e florestal";"GERENTES DE PRODUÇÃO E OPERAÇÕES";"GERENTES";"12";"Recursos Naturais";"Nível Superior"
"1421";"Gerentes administrativos, financeiros, de riscos e afins";"GERENTES DE ÁREAS DE APOIO";"GERENTES";"2664";"Recursos Naturais";"Nível Superior"
"2146";"Engenheiros metalurgistas, de materiais e afins";"ENGENHEIROS, ARQUITETOS E AFINS";"PROFISSIONAIS DAS CIÊNCIAS EXATAS, FÍSICAS E DA ENGENHARIA";"1";"Recursos Naturais";"Nível Superior"
"2221";"Engenheiros agrossilvipecuários";"AGRÔNOMOS E AFINS";"PROFISSIONAIS DAS CIÊNCIAS BIOLÓGICAS, DA SAÚDE E AFINS";"64";"Recursos Naturais";"Nível Superior"
"2222";"Engenheiros de alimentos e afins";"AGRÔNOMOS E AFINS";"PROFISSIONAIS DAS CIÊNCIAS BIOLÓGICAS, DA SAÚDE E AFINS";"1";"Recursos Naturais";"Nível Superior"
"2041";"Peritos criminais e judiciais";"PROFISSIONAIS DE INVESTIGAÇÃO CRIMINAL";"PESQUISADORES E PROFISSIONAIS POLICIENTÍFICOS";"292";"Segurança";"Nível Superior"
"2142";"Engenheiros civis e afins";"ENGENHEIROS, ARQUITETOS E AFINS";"PROFISSIONAIS DAS CIÊNCIAS EXATAS, FÍSICAS E DA ENGENHARIA";"128";"Segurança";"Nível Superior"
"2149";"Engenheiros de produção, qualidade, segurança e afins";"ENGENHEIROS, ARQUITETOS E AFINS";"PROFISSIONAIS DAS CIÊNCIAS EXATAS, FÍSICAS E DA ENGENHARIA";"16";"Segurança";"Nível Superior"
"2526";"Profissionais da administração dos serviços de segurança";"PROFISSIONAIS DE ORGANIZAÇÃO E ADMINISTRAÇÃO DE EMPRESAS E AFINS";"PROFISSIONAIS DAS CIÊNCIAS SOCIAIS E HUMANAS";"21";"Segurança";"Nível Superior"
"1311";"Diretores e gerentes de operações em empresa de serviços pessoais, sociais e culturais";"DIRETORES E GERENTES EM EMPRESA DE SERVIÇOS DE SAÚDE, DE EDUCAÇÃO, OU DE SERVIÇOS CULTURAIS, SOCIAIS OU PESSOAIS";"DIRETORES E GERENTES EM EMPRESA DE SERVIÇOS DE SAÚDE, DA EDUCAÇÃO, OU DE SERVIÇOS CULTURAIS, SOCIAIS OU PESSOAIS";"238";"Turismo Hospedagem e Lazer";"Nível Superior"
"1415";"Gerentes de operações de serviços em empresa de turismo, de alojamento e alimentação";"GERENTES DE PRODUÇÃO E OPERAÇÕES";"GERENTES";"40";"Turismo Hospedagem e Lazer";"Nível Superior"
"2711";"Chefes de cozinha e afins";"PROFISSIONAIS EM GASTRONOMIA E SERVIÇOS DE ALIMENTAÇÃO";"PROFISSIONAIS EM GASTRONOMIA";"39";"Turismo Hospedagem e Lazer";"Nível Superior"
"3548";"Técnicos em serviços de turismo e organização de eventos";"TÉCNICOS DE NIVEL MÉDIO EM OPERAÇÕES COMERCIAIS";"TÉCNICOS DE NIVEL MÉDIO NAS CIÊNCIAS ADMINISTRATIVAS";"112";"Turismo Hospedagem e Lazer";"Nível Superior"
"1413";"Gerentes de obras em empresa de construção";"GERENTES DE PRODUÇÃO E OPERAÇÕES";"GERENTES";"51";"Militar";"Nível Superior"
"1424";"Gerentes de suprimentos e afins";"GERENTES DE ÁREAS DE APOIO";"GERENTES";"3";"Militar";"Nível Superior"
"1427";"Gerentes de manutenção e afins";"GERENTES DE ÁREAS DE APOIO";"GERENTES";"119";"Militar";"Nível Superior"
"2123";"Administradores de tecnologia da informação";"PROFISSIONAIS DA INFORMÁTICA";"PROFISSIONAIS DAS CIÊNCIAS EXATAS, FÍSICAS E DA ENGENHARIA";"666";"Militar";"Nível Superior"
"2142";"Engenheiros civis e afins";"ENGENHEIROS, ARQUITETOS E AFINS";"PROFISSIONAIS DAS CIÊNCIAS EXATAS, FÍSICAS E DA ENGENHARIA";"9";"Militar";"Nível Superior"
"2524";"Profissionais de recursos humanos";"PROFISSIONAIS DE ORGANIZAÇÃO E ADMINISTRAÇÃO DE EMPRESAS E AFINS";"PROFISSIONAIS DAS CIÊNCIAS SOCIAIS E HUMANAS";"1197";"Militar";"Nível Superior"
"2526";"Profissionais da administração dos serviços de segurança";"PROFISSIONAIS DE ORGANIZAÇÃO E ADMINISTRAÇÃO DE EMPRESAS E AFINS";"PROFISSIONAIS DAS CIÊNCIAS SOCIAIS E HUMANAS";"21";"Militar";"Nível Superior"
